merge_from,merge_into,why
IC-00746,IC-94166,Sunshine Homes Red Bay AL: company lists only 100 Sunshine Ave
IC-00457,IC-04597,Valley Joist Fort Payne AL: moved to the new Jordan Rd plant (confirm Gault Ave closed)
IC-50844,IC-95646,CSI Cambridge IL: Route 81 E vs 419 E Court St (survivor = better-attested record)
IC-52615,IC-53193,PTMW Topeka: 3409 NW Hwy 24 is an air-permit record; company lists only 5040 NW Hwy 24
IC-94625,IC-96294,Affordable Truss New Haven KY: company lists only 3191 New Hope Rd
IC-94045,IC-94675,Rolling Acres Cabins: 'Factory 1' (no address); company shows a single Kentucky factory
IC-68965,IC-68905,Concrete Systems Hudson NH: company lists only 9 Commercial St
IC-72575,IC-93801,Unibilt Vandalia OH: same factory phone (survivor = better-attested record)
IC-75230,IC-96490,Harbor Truss Inc / LLC Brookings OR: one firm; current plant 15887 US-101 (survivor = better-attested record)
IC-95837,IC-95241,Montgomery Truss Grove City PA: company lists only 803 W Main St
IC-96779,IC-95246,UFP Site Built Conway SC: same phone; UFP lists only 2650 Shoffner Rd
IC-90710,IC-96028,Noble Truss Wenatchee: company publishes only 355 Malaga-Alcoa Hwy
IC-90670,IC-96028,Noble Truss Wenatchee: company publishes only 355 Malaga-Alcoa Hwy
IC-90853,IC-96028,Noble Truss Wenatchee: company publishes only 355 Malaga-Alcoa Hwy
IC-90711,IC-90780,Phoenix Truss Ellensburg WA: same phone; '5005 Ruby' not found anywhere
IC-91520,IC-91574,Trachte Oregon WI: 422 / 490 N Burr Oak; same phone (survivor = better-attested record)
