pair,a,b,verdict,relation,survivor,proposed_action,record_a,record_b,note,first_source
5.5,IC-95036,IC-95766,unsure,address_variant,,unsure,"Cavalier Homes, Inc. dba Clayton Tiny Homes | 32 Wilson Blvd. 100, Addison, AL | ph 2567471575 | web https://claytonalabamahomes.com | HUD Modular","CAVALIER HOMES | 47 WILSON BOULEVARD, ADDISON, AL | ph 2567471575 | web https://cavalieralabama.com | HUD Modular",Same phone; 32 vs 47 Wilson Blvd. Could be one Cavalier campus or a separate Clayton Tiny Homes plant; not resolved.,https://www.manufacturedhomes.com/manufacturer/2691/cavalier-homes/addison/
3.5,IC-01303,IC-94742,unsure,other,,unsure,"SOUTHERN ESTATES | 17921 COUNTY ROAD 41, ADDISON, AL | ph 2567471509 | web None | HUD Modular","Energy Homes - a division of SEhomes, Inc | 18025 CR 41, ADDISON, AL | ph 2567471544 | web None | HUD Modular","Both brands are built at the 'SEhomes of Addison facility' (18025 CR 41). 17921 CR 41 is listed as 'Plant 1 ... Service Department' and has a different phone. Southern Energy historically ran several Addison plants, so these may be two plants on the same road.",https://www.modulartoday.com/Southern-Energy-Homes.html
5.20,IC-00746,IC-94166,unsure,other,,unsure,"Sunshine Homes Inc | 509 6th St W, Red Bay, AL | ph None | web None | HUD Modular","SUNSHINE HOMES, INC | 100 SUNSHINE AVENUE, RED BAY, AL | ph 2563564427 | web https://sunshinehomes-inc.com | Wood Volumetric Modular","Sunshine Homes lists only 100 Sunshine Ave; 509 6th St W unverified (Sunshine Mills pet food is at 500 6th St SW - possible mix-up, or an old Sunshine Homes plant).",https://www.sunshinehomes-inc.com/contact-us/
6.5,IC-00457,IC-04597,unsure,other,,unsure,"Valley Joist East | 3019 GAULT AVE. N., FORT PAYNE, AL | ph 2568452330 | web https://valleyjoist.com | Light Gauge Steel Structural Components","VALLEY JOIST | 2350 JORDAN ROAD SW, FORT PAYNE, AL | ph 2568452330 | web None | Light Gauge Steel Structural Components",Looks like a relocation: Valley Joist built a new plant (Jordan Rd) after a 2019 deal to stay in Fort Payne; Gault Ave N is the older site. Not the same building; need to confirm Gault Ave closed before merging/retiring A.,https://valleyjoist.com/contact/
2.15,IC-10216,IC-96314,unsure,other,,unsure,"Arizona Building Supply - Glendale Truss - Grand | 8205 N 67 AVE, GLENDALE, AZ | ph 6233229300 | web http://www.foxgal.com | Wood Structural Components (Trusses, etc.)","Arizona Building Supply | 7831 North 67th Avenue, Glendale, AZ | ph 6232152738 | web https://trussfab.com | Wood Structural Components (Trusses, etc.)",ABS acquired Truss Fab (7831 N 67th Ave). ABS's own site lists only 'Glendale Truss – Grand' at 8205 N 67th Ave. That could mean Truss Fab moved there or that ABS runs two truss yards 0.3 mi apart. Different phones.,https://azbuildingsupply.com/locations/glendale-truss-grand/
2.4,IC-12007,IC-17400,unsure,other,,unsure,"AMERICAN MODULAR SYSTEMS INC | 787 SPRECKELS AVE, MANTECA, CA | ph 2098251921 | web https://americanmodular.com | Steel Volumetric Modular","AMERICAN MODULAR SYSTEMS, INC. | 333 E CARNEGIE CT, MANTECA, CA | ph None | web None | Pre-Engineered Metal Building","AMS's site lists only 787 Spreckels Ave (main office; factory tours at 'the AMS Manufacturing Facility, Manteca'). 333 E Carnegie Ct is a 7.9-acre industrial parcel tied to AMS in OpenCorporates/OSHA snippets: could be a second yard/plant or a former site.",https://www.americanmodular.com/visit-us/
2.21,IC-16103,IC-95254,unsure,other,,unsure,"CRATE MODULAR, INC. | 3025 E. DOMINGUEZ ST., CARSON, CA | ph None | web None | Wood Volumetric Modular","Fullstack Modular | 3025 East Dominguez Street, Carson, CA | ph None | web https://fullstackmodular.com | Steel Volumetric Modular","CRATE (owned by AHF since 2023) appears to have left 3025 E Dominguez in 2024, and FullStack opened a plant there in Dec 2024/Jan 2025. Same building, different firms, one after the other. CRATE may now operate elsewhere, so a merge could lose a live business. Needs a person to check.",https://www.connectcre.com/stories/california-people-and-company-news-week-of-dec-20-2024/
2.17,IC-92586,IC-92733,unsure,other,,unsure,"Avon Modular, LLC. Plant 2 | 3023 Porter Road, Lithia, FL | ph 8002587411 | web https://avonmodular.com | Wood Volumetric Modular","Custom Modular Manufacturing | 3023 Porter Rd., Lithia, FL | ph 4077569862 | web None | Wood Volumetric Modular","No source found linking Avon or 'Custom Modular Manufacturing' to 3023 Porter Rd, Lithia. Could be co-tenants, a successor, or the same plant under a contract manufacturer. Different phones.",https://avonmodular.com/about-us/
1.7,IC-21965,IC-93675,unsure,other,,unsure,"Champion Home Builders, Inc. - Lake City | 1915 SE SR 100, LAKE CITY, FL | ph 3867553073 | web boxmanstudios.com/ | HUD Modular","CHAMPION HOME BUILDERS #261 #3 | None, LAKE CITY, FL | ph None | web None | HUD Modular",B has no address and a '#261 #3' code that may denote another Champion plant in Lake City; could not confirm how many Champion plants are in Lake City.,https://www.yelp.com/biz/champion-home-builders-lake-city
3.21,IC-20728,IC-93675,unsure,successor,,unsure,"HOMES OF MERIT LC PLANT 3 | 200 SE INDUSTRIAL PARL DR, LAKE CITY, FL | ph None | web None | HUD Modular","CHAMPION HOME BUILDERS #261 #3 | None, LAKE CITY, FL | ph None | web None | HUD Modular","Homes of Merit is a Champion division in Lake City. I could not confirm that Champion #261 plant #3 is the Plant 3 at 200 SE Industrial Park Dr, and B has no address. Probably the same plant, but this needs the plant list the earlier agent cited.",https://www.modulartoday.com/Homes-of-Merit.html
5.18,IC-94333,IC-95213,unsure,other,,unsure,"Innovative Construction Group - Green Cove Springs | 4627 J P HALL BLVD SUITE 208, GREEN COVE SPRINGS, FL | ph 9042849034 | web https://greencovesprings.com | Wood Structural Components (Trusses, etc.)","Innovative Construction Group | 321 Walnut Street, Green Cove Springs, FL | ph None | web https://greencovesprings.com | Wood Structural Components (Trusses, etc.)","Neither address matches the known ICG plant (4750 JP Hall Blvd, now Builders FirstSource); both records carry the city's website. Records need cleanup by a person.",
1.28,IC-95775,IC-96511,unsure,other,,unsure,"W.B. HOWLAND CO., L.L.C. | 8216 WINDERWEEDLE ST. NW, LIVE OAK, FL | ph None | web https://wbhowland.com | Wood Structural Components (Trusses, etc.)","Howland Truss | 610 11th St SW, Live Oak, FL | ph (386) 362-1235 | web https://wbhowland.com | Wood Structural Components (Trusses, etc.)","610 11th St SW is the WB Howland store/HQ; truss plant is a 33-acre site with no street address found. Winderweedle St NW may be the actual plant; same company, but which record is the plant is unknown.",https://wbhowland.com/contact-us/
5.21,IC-22920,IC-92810,unsure,other,,unsure,"FLEETWOOD HOMES OF GEORGIA INC 75 | 32 W. INDUSTRIAL BLVD., ALMA, GA | ph None | web None | HUD Modular","Fleetwood Homes of Georgia | 140 Business Blvd., Alma, GA | ph 9126326789 | web None | Wood Volumetric Modular",Fleetwood's Alma plant(s) closed in 2009; whether 32 W Industrial Blvd and 140 Business Blvd were one or two plants is unknown. Existence of both should be reviewed.,
1.3,IC-30698,IC-30858,unsure,other,,unsure,"First String Space, Inc. | 892 RAILROAD AVENUE EAST, PEARSON, GA | ph (912) 422-6455 | web https://firststringspace.com | Wood Volumetric Modular","First String Space, Inc. | 1034 Albany Ave W, Pearson, GA | ph 9124226455 | web https://firststringspace.com | Wood Volumetric Modular","Shared phone, but no source places a First String Space plant at 1034 Albany Ave W; A is labelled 'Plant 1', implying a second plant may exist. A related firm (First String Construction) is on Albany Ave E.",https://www.yelp.com/biz/first-string-space-pearson
4.21,IC-22917,IC-22918,unsure,other,,unsure,"GENERAL MANUFACTURED HOUSING INC  PLANT 4 | 2885 FULFORD RD., WAYCROSS, GA | ph None | web None | HUD Modular","GENERAL MANUFACTURED HOUSING INC  PLANT 2 | 3233 INDUSTRIAL BLVD., WAYCROSS, GA | ph None | web None | HUD Modular","Not checked (search budget used up). Record names say Plant 4 vs Plant 2, at different street addresses, which suggests two plants. Do not merge.",
6.21,IC-22939,IC-92679,unsure,successor,,unsure,"GRAND MANOR INC | 1025 CAMPBELL ST., THOMASVILLE, GA | ph None | web None | HUD Modular","Citadel Building Products | 1025 Campbell Street, Thomasville, GA | ph 2292266440 | web None | Wood Volumetric Modular","Same address, but couldn't find what Citadel Building Products makes or whether it took over the Grand Manor HUD plant. Needs a person.",https://75588-us.all.biz/bulk-construction-materials-mcg305
1.22,IC-30705,IC-94988,unsure,other,,unsure,"LEGACY HOUSING | 113 MILLEDGEVILLE ROAD, EATONTON, GA | ph None | web None | HUD Modular","LEGACY HOUSING CORPORATION - EATONTON | 184 INDUSTRIAL BLVD, EATONTON, GA | ph 706-403-0333 | web None | HUD Modular",No source ties Legacy to 113 Milledgeville Rd (0.6 mi away); could be an old/other plant.,https://www.modularhomes.com/manufacturer/3327/legacy-housing/eatonton/
4.4,IC-94039,IC-94828,unsure,other,,unsure,"ProMod Manufacturing | 603 South Broad Street, Ellaville, GA | ph 229-937-5401 | web https://sunbeltmodular.com | Steel Volumetric Modular","Promod Manufacturing | 1619 State Road 26 West, Ellaville, GA | ph None | web None | Wood Volumetric Modular",Indiana DHS carries two separate ProMod manufacturer entries at the two addresses (603 S Broad is the former Southeast Modular plant); MBI says one dual-line plant on a 24.5-acre campus. Cannot tell whether these are one campus with two addresses or two plants.,https://oas.dhs.in.gov/dfbs/code/main.do?method=filter&filter=byCity&manufacturerCity=Ellaville
5.27,IC-94828,IC-94893,unsure,co-tenants,,unsure,"Promod Manufacturing | 1619 State Road 26 West, Ellaville, GA | ph None | web None | Wood Volumetric Modular","ProBox Manufacturing | 1619 GA-26, Ellaville, GA | ph 2299375401 | web https://sunbeltmodular.com | Wood Volumetric Modular","Sunbelt lists ProMod (603 S Broad St, 140,000 SF) and ProBox (1619 GA-26, 45,000 SF) as separate companies; A's Promod record carries ProBox's address - either a mislabeled ProMod record or ProBox succeeded ProMod at that site.",https://sunbeltmodular.com/about/sunbelt-companies/
2.22,IC-30815,IC-30869,unsure,other,,unsure,"STEEL & METAL SYSTEMS, INC. | 617 MEMORY ST, BLACKSHEAR, GA | ph None | web None | Pre-Engineered Metal Building","STEEL & METAL SYSTEMS, INC. | 505 MAIN STREET, BLACKSHEAR, GA | ph 8888200309 | web None | Pre-Engineered Metal Building","One company in Blackshear; 617 Memory St (0.19 mi away) was not confirmed by any source. It could be the shop behind the 505 Main office (office vs plant), or the same site.",https://steelmetalsystems.com/
2.28,IC-95836,IC-96409,unsure,other,,unsure,"Cascade Manufacturing Co | 404 MONROE STREET NE, CASCADE, IA | ph None | web https://cascade-mfg-co.com | Wood Structural Components (Trusses, etc.)","Cascade Mfg Co - Cascade | 109 Madison St SE, Cascade, IA | ph 5638523231 | web https://cascade-mfg-co.com | Wood Structural Components (Trusses, etc.)",Cascade's site calls 109 Madison St SE the 'Corporate Headquarters'. 404 Monroe St NE (0.19 mi away) is not mentioned and could be the truss plant (office vs plant) or another building.,https://cascade-mfg-co.com/
2.18,IC-92584,IC-94817,unsure,other,,unsure,"Avon Modular Plant 3 | 4800 Phoenix Dr., Mt. Vernon, IL | ph 8633709826 | web None | Wood Volumetric Modular","Phoenix Modular Elevator | 4800 Phoenix Drive, Mount Vernon, IL | ph 618-244-2314 | web https://phoenixmodularelevator.com | Wood Volumetric Modular",4800 Phoenix Dr is Phoenix Modular Elevator's plant (elevator hoistways). No source ties Avon Modular 'Plant 3' to it. Possibly co-tenants or a bad record. Do not merge without a person checking.,https://www.kfvs12.com/story/34670276/phoenix-modular-elevator-grand-opening-in-mt-vernon-il/
5.22,IC-50844,IC-95646,unsure,address_variant,,unsure,"CSI MANUFACTURING, INC. | N 1025TH AVE - ROUTE 81 E, CAMBRIDGE, IL | ph None | web None | Wood Structural Components (Trusses, etc.)","CSI Homes | 419 E. Court St., Cambridge, IL | ph (309) 937-5544 | web https://csihomesonline.com | HUD Modular","Same company; Route 81 E vs 419 E Court St may be the same site (snippet references 'Highway 81 East'), but not confirmed.",https://qcbr.org/places/csi-homes-csi-manufacturing-inc/
3.15,IC-95487,IC-95488,unsure,other,,unsure,"DSI Spaceframes, Inc. | 509 S. Westgate Street, Addison, IL | ph 6306070045 | web None | Light Gauge Steel Structural Components","DSI Spaceframes, Inc. | 104 W. Interstate Avenue, Addison, IL | ph 6306070045 | web None | Light Gauge Steel Structural Components",DSI lists two Addison addresses. It is unknown whether both are fabrication sites or one is an old address.,https://www.procore.com/network/p/dsi-spaceframes-inc-addison
4.27,IC-94726,IC-94727,unsure,other,,unsure,"Creekside Saw Mill | 5655 W 400S, Topeka, IN | ph None | web None | Open Wood Panel","Creekside Saw Mill | 5765 W 400 S, Topeka, IN | ph +12607688126 | web None | Open Wood Panel","Not checked (search budget used up). 5655 vs 5765 W 400 S, 0.15 mi apart; could be one sawmill or two adjacent operations.",
2.23,IC-51867,IC-94751,unsure,other,,unsure,"FAIRMONT HOMES, INC. (NORTH PORTION) | 1961 E MARKET ST, NAPPANEE, IN | ph None | web None | HUD Modular","Fairmont Homes Inc - Showcase Homes | P O Box 27, Nappanee, IN | ph 5747737941 | web None | HUD Modular",Fairmont (now Cavco Nappanee) has several Nappanee plants. 'Showcase Homes' is a PO Box record and cannot be tied to the 1961 E Market 'north portion' plant.,https://www.buzzfile.com/business/Friendship-Homes-Division-574-773-7941
6.22,IC-51867,IC-94749,unsure,other,,unsure,"FAIRMONT HOMES, INC. (NORTH PORTION) | 1961 E MARKET ST, NAPPANEE, IN | ph None | web None | HUD Modular","Fairmont Homes Inc - Friendship 2 | P O Box 27, Nappanee, IN | ph 5747737941 | web https://www.fairmonthomes.com | HUD Modular",Fairmont has several Nappanee plants (and 2181 E Market St is the main published address). Couldn't determine which plant is at 1961 E Market St (north portion) or whether it's Friendship 2.,https://oas.dhs.in.gov/reports/rwservlet?dfbsepnpdf=&report=code_mnfctr_list_for_web.rdf
2.13,IC-51865,IC-94749,unsure,other,,unsure,"Fairmont Homes Inc - Friendship 1 | 502 S OAKLAND, NAPPANEE, IN | ph 5747737941 | web http://www.fairmonthomes.com | HUD Modular","Fairmont Homes Inc - Friendship 2 | P O Box 27, Nappanee, IN | ph 5747737941 | web https://www.fairmonthomes.com | HUD Modular","'Friendship 1' vs 'Friendship 2' looks like two plant designations sharing PO Box 27 and the main phone. Plant 2's street address is unknown, so not merged. The earlier agent's note refers to another candidate (IC-52027). Fairmont/Cavco Nappanee site redirected and gave no content.",https://www.buzzfile.com/business/Friendship-Homes-Division-574-773-7941
4.13,IC-51865,IC-94751,unsure,other,,unsure,"Fairmont Homes Inc - Friendship 1 | 502 S OAKLAND, NAPPANEE, IN | ph 5747737941 | web http://www.fairmonthomes.com | HUD Modular","Fairmont Homes Inc - Showcase Homes | P O Box 27, Nappanee, IN | ph 5747737941 | web None | HUD Modular","P O Box 27 is Fairmont's corporate mailing box for the whole Nappanee complex, which holds several plants (Friendship 1 is one). Nothing ties 'Showcase Homes' to the Friendship 1 plant specifically; it could be another plant in the complex.",https://permits.air.idem.in.gov/11290f.pdf
1.14,IC-94749,IC-94751,unsure,other,,unsure,"Fairmont Homes Inc - Friendship 2 | P O Box 27, Nappanee, IN | ph 5747737941 | web https://www.fairmonthomes.com | HUD Modular","Fairmont Homes Inc - Showcase Homes | P O Box 27, Nappanee, IN | ph 5747737941 | web None | HUD Modular",Friendship 2 and Showcase Homes are different Fairmont plant/division names sharing the HQ PO box; nothing says whether they are one plant.,https://oas.dhs.in.gov/dfbs/code/main.do?method=view&manufacturerNameId=42
6.12,IC-94750,IC-94751,unsure,other,,unsure,"Fairmont Homes Inc - Plant 1 | P O Box 27, Nappanee, IN | ph 574-773-7941 | web None | HUD Modular","Fairmont Homes Inc - Showcase Homes | P O Box 27, Nappanee, IN | ph 5747737941 | web None | HUD Modular","Indiana licenses Showcase Homes as its own entry (at 502 Oakland, zero seals); current Indiana list shows Friendship 1, Friendship 2, Plant 1 but no Showcase. Showcase may be a retired name of one of those plants - can't tell which.",https://oas.dhs.in.gov/dfbs/code/main.do?manufacturerNameId=46&method=view
3.17,IC-96561,IC-96562,unsure,other,,unsure,"Madison Truss Co LLC | 5854 N US 421, Madison, IN | ph 812-273-5482 | web https://madisontrussin.com | Wood Structural Components (Trusses, etc.)","Madison Truss Co LLC | 5426 N Olive Branch Rd, Madison, IN | ph 8122735482 | web http://madisontrussin.com/ | Wood Structural Components (Trusses, etc.)","The company website lists both addresses (2 mi apart, same phone) without labels. They could be two sites or a plant plus a yard or office.",http://www.madisontrussin.com/
5.1,IC-51573,IC-95289,unsure,other,,unsure,"The Commodore Corporation | 1423 Lincolnway East, GOSHEN, IN | ph (574) 533-7100 | web https://www.commodorehomes.com | HUD Modular","THE COMMODORE CORPORATION | None, GOSHEN, IN | ph None | web None | HUD Modular","B has no street address; A's 1423 Lincolnway E is the Commodore office/showroom, the Goshen plant is 1902 Century Dr; cannot tell which site B is.",
4.23,IC-53148,IC-53198,unsure,address_variant,,unsure,"BUILDERS FIRSTSOURCE | 2601 W 77TH STREET, VALLEY CENTER, KS | ph None | web None | Wood Structural Components (Trusses, etc.)","Builders FirstSource — Valley Center KS Truss | 131 W. INDUSTRIAL, VALLEY CENTER, KS | ph 3167553114 | web https://bldr.com | Wood Structural Components (Trusses, etc.)","Not checked (search budget used up). Geocodes 0.02 mi apart, so possibly one site with two addresses, but this is unverified.",
3.23,IC-52615,IC-53193,unsure,address_variant,,unsure,"PTMW INC - TOPEKA (AIR) | 3409 NW US HIGHWAY 24 # NW, TOPEKA, KS | ph None | web None | Pre-Engineered Metal Building","PTMW Inc. | 5040 NW HWY 24, Topeka, KS | ph 7852327792 | web None | Wood Volumetric Modular","PTMW lists only 5040 NW Hwy 24 in Topeka. A is an air-permit record at 3409 NW US Hwy 24, 0.4 mi away, possibly an older address or a second building. PTMW is a metal fabricator (enclosures and cases), so its IC relevance is doubtful.",https://www.ptmw.com/contact-us/
4.11,IC-94625,IC-96294,unsure,address_variant,,unsure,"Affordable Truss, Inc. | 225 Dee Head Road, New Haven, KY | ph 5025498629 | web https://affordabletruss.com | Wood Structural Components (Trusses, etc.)","Affordable Truss, Inc. | 3191 New Hope Rd, New Haven, KY | ph 5025498629 | web https://affordabletruss.com | Wood Structural Components (Trusses, etc.)","Company site and BBB give only 3191 New Hope Rd; 225 Dee Head Road appears in directories but nothing says whether it is an old address, the owner's address, or a second yard. Likely same (one plant), unproven.",https://affordabletruss.com
5.16,IC-93501,IC-93993,unsure,other,,unsure,"Appalachian Enterprises Inc. | 1340 Rolling Acres, Campbellsville, KY | ph 7759010514 | web None | Wood Volumetric Modular","Deer Run Cabins | 1340 Rolling Acres Aly, Campbellsville, KY | ph 2706924361 | web None | Wood Volumetric Modular",Same address; no source links Appalachian Enterprises (NV phone) to Deer Run Cabins; one search snippet tied the address to Silver Lake Structures & Cabins. Possibly co-tenants or a holding entity.,https://deerruncabins.com/contact/
3.26,IC-94045,IC-94675,unsure,other,,unsure,"Rolling Acres Cabins - Factory 1 | None, Munfordville, KY | ph None | web None | Wood Volumetric Modular","Rolling Acres Cabins LLC | 166 John Logsdon Cemetery Road, Munfordville, KY | ph 6072435141 | web None | Wood Volumetric Modular","Leland's/Rolling Acres shows a single 'Kentucky Factory', so they are likely the same. But A ('Factory 1') has no address, and its name implies a source that counts more than one factory. I could not check that source because the search budget ran out.",https://lelandsmodular.com/ready-now/
4.26,IC-94045,IC-94046,unsure,other,,unsure,"Rolling Acres Cabins - Factory 1 | None, Munfordville, KY | ph None | web None | Wood Volumetric Modular","Rolling Acres Cabins - Factory 2 | None, Munfordville, KY | ph None | web None | Closed Wood Panel","No address on either record; site returned 503. Names say Factory 1 vs Factory 2 with different capabilities, which suggests two factories. Do not merge.",
5.26,IC-94046,IC-94675,unsure,other,,unsure,"Rolling Acres Cabins - Factory 2 | None, Munfordville, KY | ph None | web None | Closed Wood Panel","Rolling Acres Cabins LLC | 166 John Logsdon Cemetery Road, Munfordville, KY | ph 6072435141 | web None | Wood Volumetric Modular","A is 'Factory 2' with no address, implying a second factory; cannot confirm.",https://zmaps.net/company/rolling-acres-cabins-2705244252
5.23,IC-57612,IC-95226,unsure,other,,unsure,"NVR BUILDING PRODUCTS | 14173 GRACEHAM ROAD, THURMONT, MD | ph None | web https://www.nvrinc.com | Open Wood Panel","NVR Building Products Co. | 210 N. CARROLL STREET, THURMONT, MD | ph 3012715300 | web http://www.nvrinc.com/ | Wood Structural Components (Trusses, etc.)",210 N Carroll St is the widely listed NVR Building Products address; 14173 Graceham Rd (0.33 mi) is a 45.8-acre LI parcel listed as NVHomes - may be the plant parcel itself. Needs a map/parcel check.,
4.16,IC-59600,IC-96085,unsure,other,,unsure,"Scherer Bros. | 11920 53RD ST NE, ALBERTVILLE, MN | ph 7634973324 | web https://schererbros.com | Wood Structural Components (Trusses, etc.)","Truss Design & Manufacturing | 10751 67TH ST NE, ALBERTVILLE, MN | ph 763-497-3324 | web https://schererbros.com | Wood Structural Components (Trusses, etc.)","Scherer's own site lists only 10751 67th St NE (truss plant) in Albertville. Directories put 'Scherer Bros Truss Manufacturing' at 11920 53rd St NE, maybe an older address or a lumber yard/office. Likely the same truss operation, but not proven.",https://www.schererbros.com/locations/
3.10,IC-95003,IC-95004,unsure,other,,unsure,"CREATIVE MODULAR CONSTRUCTION | 529 N PRICE LN, SPRINGFIELD, MO | ph 4178321160 | web None | Wood Volumetric Modular","CREATIVE MODULAR CONSTRUCTION | 2101 E Central Court, SPRINGFIELD, MO | ph 4178321160 | web None | Wood Volumetric Modular",CMC runs several Springfield sites; 529 N Price/Prince Ln and 2101 E Central Ct could be two separate production sites. The 0.0 mi distance is probably a town-centroid geocode.,"https://sbj.net/stories/a-conversation-with-lee-loveall,94800"
4.20,IC-95599,IC-95600,unsure,other,,unsure,"Performance Precast Inc. | 4901 Winston Container Road, Charlotte, NC | ph 9802178400 | web None | Precast Concrete Panel","Performance Precast Inc. | 434 Springbrook Road, Charlotte, NC | ph 7047409896 | web None | Precast Concrete Panel","Not checked (search budget used up; company site returned 503). Same name, different addresses and phones, 3.9 mi apart.",
2.7,IC-68554,IC-68600,unsure,other,,unsure,"Midwest Manufacturing - Valley | 4801 N 264th St, Valley, NE | ph 4023598002 | web http://www.midwestmanufacturing.com | Wood Structural Components (Trusses, etc.)","MIDWEST MANUFACTURING | 5301 N. 264TH CIR., VALLEY, NE | ph None | web None | Wood Structural Components (Trusses, etc.)","Menards' Midwest Manufacturing Valley campus makes steel roofing/siding, treated lumber, doors and trusses. 5301 N 264th Cir (0.11 mi away) is only a directory snippet; it may be the same campus or a separate building/plant (e.g. steel). Not resolved.",https://www.superpages.com/valley-ne/bpp/midwest-manufacturing-452342186
2.1,IC-68309,IC-96709,unsure,other,,unsure,"STRUCTURAL COMPONENT SYSTEMS | 1255 FRONT ST, FREMONT, NE | ph (402) 721-5622 | web https://scstruss.com | Wood Structural Components (Trusses, etc.)","Structural Component Systems, Inc. - Fremont | 1451 Morningside Road, Fremont, NE | ph 4027215622 | web http://scstruss.com | Wood Structural Components (Trusses, etc.)",Company site labels 1255 Front St the 'Corporate Office'; 1451 Morningside Rd appears only in a directory snippet. Could be office vs plant or a single site with two addresses; not resolved.,https://scstruss.com/contact
5.2,IC-68905,IC-68965,unsure,address_variant,,unsure,"Concrete Systems Inc. | 9 COMMERCIAL STREET, HUDSON, NH | ph (800) 342-3374 | web https://csigroup.com | Precast Concrete Panel","CONCRETE SYSTEMS INC. | 14 COMMERCIAL STREET, HUDSON, NH | ph None | web None | Precast Concrete Panel",Company site lists only 9 Commercial St; nothing found on 14 Commercial St (0.14 mi away) - could be a second yard/building or an address error.,https://csigroup.com
3.19,IC-92753,IC-92755,unsure,other,,unsure,"Destiny Industries, Inc. (Plant I) | RTE 6, BOX 241-C PAVO ROAD, MOULTRIE, None | ph 9129856100 | web None | Wood Volumetric Modular","Destiny Industries, Inc. (Plant III) | RTE 6, BOX 241-C PAVO ROAD, Moultrie, None | ph 9129856200 | web None | Wood Volumetric Modular","Old HUD-style records 'Plant I' and 'Plant III' at the same rural-route address with different phones. Destiny (now Cavco) is described today as having one facility (250 RW Bryant Rd). These may be numbered lines at one site, or historical plants. A person must decide.",https://www.modulartoday.com/Destiny-Industries.html
2.24,IC-72575,IC-93801,unsure,address_variant,,unsure,"UNIBILT INDUSTRIES, INC. | 4671 POPLAR CREEK RD, VANDALIA, OH | ph None | web None | Open Wood Panel","Unibilt Industries Inc | 8005 JOHNSON STATION ROAD, VANDALIA, OH | ph 9378907570 | web https://unibiltcustomhomes.com | Wood Volumetric Modular","Probably one factory: the Poplar Creek Rd listing carries the same factory phone, and the two addresses are 0.23 mi apart, perhaps two frontages of one parcel. Nothing says so directly, so marked unsure, leaning same.",https://unibiltcustomhomes.com/contact-us/
3.24,IC-75229,IC-96490,unsure,other,,unsure,"HARBOR TRUSS INC | 17496 CARPENTERVILLE RD, BROOKINGS, OR | ph None | web None | Wood Structural Components (Trusses, etc.)","Harbor Truss LLC | 1052 Marina Heights Rd, Brookings, OR | ph 5414692516 | web https://harbortruss.com | Wood Structural Components (Trusses, etc.)","The current site is 15887 US-101; neither record's address matches it. Harbor Truss Inc (Carpenterville Rd) and Harbor Truss LLC (Marina Heights) look like one business at different addresses over time, but the actual plant site is unclear.",https://harbortruss.com/
4.24,IC-75229,IC-75230,unsure,other,,unsure,"HARBOR TRUSS INC | 17496 CARPENTERVILLE RD, BROOKINGS, OR | ph None | web None | Wood Structural Components (Trusses, etc.)","HARBOR TRUSS INC | 609 B CHETCO AVE, BROOKINGS, OR | ph None | web None | Wood Structural Components (Trusses, etc.)",Harbor Truss's current site gives a third address (15887 US-101); neither record's address is confirmed. Both may be stale. A person should check.,https://www.harbortruss.com/
5.24,IC-75230,IC-96490,unsure,successor,,unsure,"HARBOR TRUSS INC | 609 B CHETCO AVE, BROOKINGS, OR | ph None | web None | Wood Structural Components (Trusses, etc.)","Harbor Truss LLC | 1052 Marina Heights Rd, Brookings, OR | ph 5414692516 | web https://harbortruss.com | Wood Structural Components (Trusses, etc.)","Harbor Truss Inc vs Harbor Truss LLC; current plant is 15887 US-101, matching neither record. Likely one business over time, but neither address verified.",https://harbortruss.com/
2.16,IC-95241,IC-95837,unsure,other,,unsure,"Montgomery Truss & Panel | 803 W Main St, Grove City, PA | ph 7244587500 | web https://montgomerytruss.com | Wood Structural Components (Trusses, etc.)","MONTGOMERY TRUSS & PANEL, INC | 7 E. GATE INDUSTRIAL DRIVE, GROVE CITY, PA | ph None | web https://montgomerytruss.com | Wood Structural Components (Trusses, etc.)","Company site lists only 803 W Main St; 7 E Gate Industrial Dr was not found in any source. It could be a second plant or yard, or a former site.",https://montgomerytruss.com/contact
6.17,IC-95246,IC-96779,unsure,address_variant,,unsure,"UFP Site Built | 2650 Shoffner Rd, Conway, SC | ph 8432480123 | web https://ufpsitebuilt.com | Wood Structural Components (Trusses, etc.)","UFP Site Built | 708 Country Club Drive, Conway, SC | ph 8432480123 | web https://ufpsitebuilt.com | Wood Structural Components (Trusses, etc.)",Same phone; UFP lists only Shoffner Rd. 708 Country Club Dr is an older Universal Forest Products listing - could be an old address of the same site or a separate/former yard. Could not confirm.,https://ufpsitebuilt.com/our-locations/conway-sc
5.14,IC-95619,IC-96144,unsure,address_variant,,unsure,"Engineered Concrete Products, LLC | 22466 Bennett Road, Rapid City, SD | ph 6054308449 | web https://ecpcompany.com | Precast Concrete Panel","ENGINEERED CONCRETE PRODUCTS, LLC | 14616 WAGNER LANE, RAPID CITY, SD | ph 605.503.1416 | web https://ecpcompany.com | Precast Concrete Panel",Company site lists only Wagner Ln; 22466 Bennett Rd (5-acre parcel with a house) also tied to ECP in a 2024 GFP planholder list. Possibly owner/mailing address or old yard; not confirmed.,https://ecpcompany.com/
1.5,IC-93790,IC-94992,unsure,other,,unsure,"997 Clayton Tru Belton | 520 Sparta Rd, Belton, TX | ph 2548316002 | web None | HUD Modular","TRU BELTON II | 1315 INDUSTRIAL PARK RD, BELTON, TX | ph 2548316002 | web https://owntru.com | HUD Modular","'Belton II' name suggests a second building/plant at Industrial Park Rd, but I could not confirm whether it is separate from the 520 Sparta Rd plant (geocodes identical). Needs a person.",https://www7.eere.energy.gov/buildings/residential/exploredenh/partners/3042
4.17,IC-94332,IC-94530,unsure,other,,unsure,"Builders FirstSource — Fort Worth TX Truss | 7001 Enterprise Ave, Fort Worth, TX | ph 8175891467 | web http://www.trussway.com | Wood Structural Components (Trusses, etc.)","Builders FirstSource — Hurst TX Components - By Appointment Only | 104 E Hurst Blvd., Highway 10, Fort Worth, TX | ph 8172555800 | web https://bldr.com | Wood Structural Components (Trusses, etc.)",Search budget ran out before checking. These are two differently named BFS locations (Fort Worth Truss at 7001 Enterprise Ave vs Hurst Components on Hurst Blvd) with different phones; probably two sites. Do not merge without a check.,
4.18,IC-86695,IC-94363,unsure,other,,unsure,"Builders FirstSource — Henderson TX Truss | 700 KILGORE DR, HENDERSON, TX | ph 9036577000 | web http://www.paneltruss.com | Wood Structural Components (Trusses, etc.)","Builders FirstSource — Shortwood TX Truss | 3200 CR 203, HENDERSON, TX | ph 9036552056 | web https://members.texasbuilders.org | Wood Structural Components (Trusses, etc.)",Not checked (search budget used up). Two differently named BFS truss locations (Henderson vs Shortwood) with different addresses and phones; probably two plants.,
6.25,IC-90710,IC-96028,unsure,address_variant,,unsure,"NOBLE TRUSS & LUMBER INC | 2110 YARROW RD, WENATCHEE, WA | ph None | web https://nobletrusswa.com | Wood Structural Components (Trusses, etc.)","WA317979432 - NOBLE TRUSS & LUMBER INC | 355 MALAGA ALCOA HWY, WENATCHEE, WA | ph 5096621877 | web https://nobletrusswa.com | Wood Structural Components (Trusses, etc.)",Noble publishes only 355 Malaga-Alcoa Hwy; couldn't find what is at 2110 Yarrow Rd (search budget exhausted). Probably an old/mailing address but unverified.,http://www.nobletrusswa.com/contact
4.25,IC-90670,IC-96028,unsure,other,,unsure,"Noble Truss & Lumber, Inc. | 1510 ALEXANDER PL, WENATCHEE, WA | ph None | web https://nobletrusswa.com | Wood Structural Components (Trusses, etc.)","WA317979432 - NOBLE TRUSS & LUMBER INC | 355 MALAGA ALCOA HWY, WENATCHEE, WA | ph 5096621877 | web https://nobletrusswa.com | Wood Structural Components (Trusses, etc.)","Company site confirms the plant at 355 Malaga Alcoa Hwy (B). Nothing found on 1510 Alexander Pl (A has no phone); it may be an office or old address, but this is unverified.",https://nobletrusswa.com
5.25,IC-90670,IC-90710,unsure,other,,unsure,"Noble Truss & Lumber, Inc. | 1510 ALEXANDER PL, WENATCHEE, WA | ph None | web https://nobletrusswa.com | Wood Structural Components (Trusses, etc.)","NOBLE TRUSS & LUMBER INC | 2110 YARROW RD, WENATCHEE, WA | ph None | web https://nobletrusswa.com | Wood Structural Components (Trusses, etc.)",Noble Truss's documented address is 355 Malaga Alcoa Hwy; neither Alexander Pl nor Yarrow Rd verified.,https://safer.fmcsa.dot.gov/query.asp?searchtype=ANY&query_type=queryCarrierSnapshot&query_param=USDOT&query_string=1847042
5.11,IC-90711,IC-90780,unsure,address_variant,,unsure,"PHOENIX TRUSS CORPORATION | 5005 RUBY, ELLENSBURG, WA | ph 5099253133 | web None | Wood Structural Components (Trusses, etc.)","PHOENIX TRUSS CORPORATION | 1619 VANTAGE HWY, ELLENSBURG, WA | ph 5099253133 | web None | Wood Structural Components (Trusses, etc.)","Same phone, small firm (5-9 staff), likely one plant on Vantage Hwy; '5005 Ruby' not found anywhere. Lean same but unverified.",
3.25,IC-90507,IC-96710,unsure,other,,unsure,"STRUCTURAL COMPONENTS INC | 2203 S 75TH AVE, YAKIMA, WA | ph None | web None | Closed Wood Panel","Structural Components, Inc. | 2451 S 38th Ave, Yakima, WA | ph 5094578530 | web None | Wood Structural Components (Trusses, etc.)","No source ties Structural Components to 2203 S 75th Ave, which appears to be a multi-unit (#30) property. It could be an old address, an owner's address or a separate site.",https://www.bbb.org/us/wa/yakima/profile/trusses/structural-components-inc-1296-56000999
2.26,IC-90853,IC-96028,unsure,other,,unsure,"WA317940939 - NOBLE TRUSS & LUMBER INC | 3470 ASHWOOD DR., WENATCHEE, WA | ph None | web None | Wood Structural Components (Trusses, etc.)","WA317979432 - NOBLE TRUSS & LUMBER INC | 355 MALAGA ALCOA HWY, WENATCHEE, WA | ph 5096621877 | web https://nobletrusswa.com | Wood Structural Components (Trusses, etc.)","Noble Truss's website lists only 355 Malaga Alcoa Hwy. 3470 Ashwood Dr carries a separate WA site ID and could be a former site, an owner or mailing address, or a second yard. Search budget ran out before this could be resolved.",https://nobletrusswa.com/
1.1,IC-90534,IC-90801,unsure,other,,unsure,"WA317976665 - INSTAFAB COMPANY INC | 2424 E 2ND ST, VANCOUVER, WA | ph (360) 737-8235 | web None | Pre-Engineered Metal Building","WA317938713 - INSTA FAB CO INC | 18101 SE 6TH AVE., VANCOUVER, WA | ph None | web None | Pre-Engineered Metal Building",Same company name; no source links Instafab to 18101 SE 6th Ave (could be a former site or second yard). Both look like WA Ecology registrations.,https://www.constrafor.com/network/washington/instafab-company
4.28,IC-96116,IC-96710,unsure,other,,unsure,"WA317984148 - STRUCTURAL COMPONENTS INC | 2107 TERRACE HEIGHTS DR, YAKIMA, WA | ph None | web http://www.structuralcomponents.org | Wood Structural Components (Trusses, etc.)","Structural Components, Inc. | 2451 S 38th Ave, Yakima, WA | ph 5094578530 | web None | Wood Structural Components (Trusses, etc.)",The structuralcomponents.org site shows no Yakima address (it may not be this firm). 2107 Terrace Heights Dr (EPA record) vs 2451 S 38th Ave are 5 mi apart; not resolved.,
3.28,IC-96073,IC-96584,unsure,other,,unsure,"MIDWEST MANUFACTURING, INC | 5231 KANE ROAD BUILDING 9, EAU CLAIRE, WI | ph None | web https://midwestmanufacturing.com | Pre-Engineered Metal Building","Midwest Manufacturing - Eau Claire | 5311 Kane Road, Eau Claire, WI | ph 7158762713 | web http://www.midwestmanufacturing.com | Wood Structural Components (Trusses, etc.)","Midwest Manufacturing (Menards) runs a multi-building Kane Rd campus making trusses, steel roofing, doors and blocks. A ('Building 9', metal building) and B (5311 Kane Rd, trusses) may be different buildings and product lines on one campus. A person should decide whether campus = one plant.",https://local.yahoo.com/info-213572512-midwest-manufacturing-truss-plant-eau-claire/
1.15,IC-91520,IC-91574,unsure,other,,unsure,"TRACHTE LLC | 422 N BURR OAK AVE, OREGON, WI | ph 6082912321 | web Home | nVent TRACHTE | Pre-Engineered Metal Building","TRACHTE, INC. | 490 NORTH BURR OAK AVENUE, OREGON, WI | ph (608) 835-5707 | web http://www.trachteusa.com | Pre-Engineered Metal Building","Same company and phone (Trachte Inc became Trachte LLC/nVent), 0.13 mi apart; 490 N Burr Oak is a separate parcel on LoopNet. Could be an adjacent Trachte building or an old address.",https://business.oregonwi.com/list/member/trachte-llc-34
