facility_a,facility_b,why_same_plant
IC-93833,IC-93554,Modern Country Homes 1819/1803 Mountain Rd Newburg PA; same phone
IC-95982,IC-83816,Cavco Austin: 830 S Hwy 183 = 830 Bastrop Hwy
IC-94955,IC-93844,Volumod 3039/3049 N Post Rd Indianapolis
IC-96385,IC-12778,Builders FirstSource Perris 23655/23665 Cajalco Rd; same phone
IC-95743,IC-94118,Fading West 1950 McCormick Pl Buena Vista; same phone
IC-95227,IC-95762,Stark Truss 1200 E Patapsco Ave Baltimore (Brooklyn MD)
IC-95235,IC-71329,Steele Truss 118 Trade Rd Plattsburgh NY; same phone
IC-93668,IC-94567,Titan Homes (Champion brand) Sangerfield NY
IC-68177,IC-95567,Champion York NE 3200 Enterprise Ave; same phone
IC-94874,IC-96063,Wausau Homes PO box / Rothschild plant; same phone
IC-95048,IC-92751,Design Space McRae GA PO box / 1110 Industrial Park Rd
IC-95229,IC-64905,Builders FirstSource Albemarle NC 2100 Sterling Dr
IC-94143,IC-84485,Morgan Buildings & Spas FM 318 Hallettsville TX
IC-93671,IC-65923,Champion #23 Lillington NC (no address / 4055 US 401 S)
IC-93692,IC-96235,Clayton Bean Station 1160 Lee Hwy = 1160 Hwy 11W; same phone
IC-94039,IC-37647,ProMod Ellaville GA PO box / 603 S Broad St; same phone
IC-94676,IC-93126,Park Models & Modulars 26488 GA-3 Ochlocknee
IC-94802,IC-94801,ModSpace refurbish plant Elizabethtown PA
IC-92624,IC-94906,Brix 1783/1785 S Patrick Dr Indian Harbour Beach FL
IC-95041,IC-65495,Clayton Richfield NC #933 PO box / 44073 US 52 N
IC-95090,IC-93086,Nationwide Homes Arabi GA PO box / 113 Industrial Blvd
IC-95232,IC-96016,Atlantic Prefab Wilton NH; same phone
IC-95756,IC-57064,Canam Steel 4010 Clay St Point of Rocks MD; same phone
IC-76016,IC-96002,Rigidply Rafters 701 E Linden St Richland PA; same phone
IC-92618,IC-65379,Boxman Studios 1310 Charles Raper Jonas Hwy Mt Holly NC
IC-95068,IC-92872,Heartland Building Systems Cordele GA PO box / 501 S Midway Rd
IC-95075,IC-92946,King's Custom Builders Ellaville GA PO Box 584; same phone
IC-83082,IC-82694,Giles Industries New Tazewell TN (garbled second address)
IC-94517,IC-93960,PTW Structural Solutions 285188 Frontier Rd (Alberta); same phone
IC-94517,IC-94153,PTW Structural Solutions 285188 Frontier Rd (Alberta); same phone
IC-93919,IC-95637,Thermobond Buildings Elkhart IN (no address / 58140 CR 3)
IC-22145,IC-95454,Kingspan DeLand FL (no address)
IC-22145,IC-96174,Kingspan 726 Summer Hill Dr DeLand FL
IC-95044,IC-92705,Comark Desoto TX PO box / 505 N I-35 E
IC-10334,IC-95670,Skyline San Jacinto CA #341; same phone
IC-94002,IC-93520,Maxum (Siemens) Houston (no address / 5980 W Sam Houston N)
IC-47500,IC-96038,Commander Buildings 22223 Hwy 38 Monticello IA; same phone
IC-94788,IC-96082,M.C. Dean 12445/12245 Innovation Dr Ruther Glen VA; same phone
IC-94884,IC-92953,Kullman Buildings Lebanon NJ; same phone
IC-95026,IC-92552,Adrian Homes Adrian GA PO box / 734 E Main St
