facility_id,tier,name,address,city,state,signals,company_plants,max_building_sqft,building_review
IC-96039,likely,"GLECKLER, LLC",3615 SOUTH US-1,BUNNELL,FL,company_plant_elsewhere no_plant_scale_building,IC-21873:JACKSONVILLE,3843,none
IC-96034,likely,107478 - GRIZZLY TRUSS FABRICATORS INC - LUMBER YARD,4641 NORTHLAND DR NW,BEMIDJI,MN,company_plant_elsewhere no_plant_scale_building,IC-61035:BEMIDJI,3198,none
IC-96093,likely,MARTIN METAL LLC,6587 SAINT MORITZ DRIVE,OSAGE BEACH,MO,company_plant_elsewhere no_plant_scale_building,IC-96566:Versailles,4138,nearest_largest
IC-75164,likely,317720221 - THE TRUSS COMPANY AND BUILDING SUPPLY INC,1499 POLK ST,EUGENE,OR,company_plant_elsewhere no_plant_scale_building,IC-74637:EUGENE IC-75123:WHITE CITY IC-95239:Redmond,3257,nearest_largest
IC-75438,likely,317711188 - THE TRUSS COMPANY AND BUILDING SUPPLY INC,32190 MERRILL LN,LEBANON,OR,company_plant_elsewhere no_plant_scale_building,IC-74637:EUGENE IC-75123:WHITE CITY IC-95239:Redmond,2452,none
IC-90802,likely,WA317938118 - LOUWS TRUSS INC,10633 NE 60TH ST,KIRKLAND,WA,company_plant_elsewhere no_plant_scale_building,IC-95842:CASHMERE IC-96554:Burlington,4545,nearest_largest
IC-90532,likely,WA317936995 - ROOF TRUSS SUPPLY INC,4007 47TH AVE SW,SEATTLE,WA,company_plant_elsewhere no_plant_scale_building,IC-90315:WOODINVILLE,2545,small_building
IC-90737,likely,ROOF TRUSS SUPPLY INC,4805 JOPPA LANE SW,TUMWATER,WA,company_plant_elsewhere no_plant_scale_building,IC-90315:WOODINVILLE,2095,small_building
IC-95868,likely,WA317969123 - THE TRUSS COMPANY & BUILDING SUPPLY LLC,20754 E. VALLEY VISTA DR.,LIBERTY LAKE,WA,company_plant_elsewhere no_plant_scale_building,IC-90459:SUMNER IC-90888:PASCO IC-94399:BURLINGTON IC-95253:CENTRALIA IC-95685:Spokane,2783,small_building
IC-95972,likely,WA317975735 - THE TRUSS COMPANY & BUILDING SUPPLY LLC,20658 E. MEADOW SPRING LP,LIBERTY LAKE,WA,company_plant_elsewhere no_plant_scale_building,IC-90459:SUMNER IC-90888:PASCO IC-94399:BURLINGTON IC-95253:CENTRALIA IC-95685:Spokane,3557,none
IC-96075,likely,WA317981875 - THE TRUSS COMPANY & BUILDING SUPPLY LLC,6104 COOLIDGE RD.,YAKIMA,WA,company_plant_elsewhere no_plant_scale_building,IC-90459:SUMNER IC-90888:PASCO IC-94399:BURLINGTON IC-95253:CENTRALIA IC-95685:Spokane,3249,none
IC-96117,likely,WA317984226 - THE TRUSS COMPANY & BUILDING SUPPLY LLC,5217 E FREDERICK AVE.,SPOKANE,WA,company_plant_elsewhere no_plant_scale_building,IC-90459:SUMNER IC-90888:PASCO IC-94399:BURLINGTON IC-95253:CENTRALIA,4145,nearest_largest
IC-90681,likely,TRUSS COMPANY,1413 FIRLAND DR,PUYALLUP,WA,company_plant_elsewhere no_plant_scale_building,IC-90459:SUMNER IC-90888:PASCO IC-94399:BURLINGTON IC-95253:CENTRALIA IC-95685:Spokane,3603,nearest_largest
IC-90519,likely,WA317935992 - TRUSS COMPANY & BUILDING SUPPLY INC THE,1015 MARSHLAND RD,PULLMAN,WA,company_plant_elsewhere no_plant_scale_building,IC-90459:SUMNER IC-90888:PASCO IC-94399:BURLINGTON IC-95253:CENTRALIA IC-95685:Spokane,3745,nearest_largest
IC-90521,likely,WA317935532 - TRUSS COMPANY & BUILDING SUPPLY INC THE,327 N. BELFAIR CT,KENNEWICK,WA,company_plant_elsewhere no_plant_scale_building,IC-90459:SUMNER IC-90888:PASCO IC-94399:BURLINGTON IC-95253:CENTRALIA IC-95685:Spokane,2654,nearest_largest
IC-90560,likely,WA317942732 - TRUSS COMPANY & BUILDING SUPPLY INC THE,314 RIVER DRIVE,QUINCY,WA,company_plant_elsewhere no_plant_scale_building,IC-90459:SUMNER IC-90888:PASCO IC-94399:BURLINGTON IC-95253:CENTRALIA IC-95685:Spokane,3260,none
IC-90575,likely,WA317947656 - TRUSS COMPANY & BUILDING SUPPLY INC THE,3221 63RD AVE. SW,SEATTLE,WA,company_plant_elsewhere no_plant_scale_building,IC-90459:SUMNER IC-90888:PASCO IC-94399:BURLINGTON IC-95253:CENTRALIA IC-95685:Spokane,4441,small_building
IC-90602,likely,WA317945397 - TRUSS COMPANY & BUILDING SUPPLY INC THE,13918 18TH PLACE WEST,LYNNWOOD,WA,company_plant_elsewhere no_plant_scale_building,IC-90459:SUMNER IC-90888:PASCO IC-94399:BURLINGTON IC-95253:CENTRALIA IC-95685:Spokane,2482,nearest_largest
IC-90823,likely,WA317939945 - TRUSS COMPANY & BUILDING SUPPLY INC THE,1328 E EGELAND DR,MOSES LAKE,WA,company_plant_elsewhere no_plant_scale_building,IC-90459:SUMNER IC-90888:PASCO IC-94399:BURLINGTON IC-95253:CENTRALIA IC-95685:Spokane,3581,nearest_largest
IC-10294,review,"CPX2024XMS021X0005 - SIMMONS WOOD PRODUCTS, INC. DBA SIMMONS TRUSS",47325 WEST LOUIS JOHNSON DRIVE,MARICOPA,AZ,company_plant_elsewhere no_plant_scale_building,IC-96694:Gilbert,9898,small_building
IC-96172,review,68089 - MAXSTEEL BUILDINGS LLC,321 HUCKLEBERRY LANE,LONDON,KY,no_plant_scale_building,,3665,small_building
IC-61165,review,107218 - NATURAL SPACES DOMES INC,37955 BRIDGE RD,NORTH BRANCH,MN,no_plant_scale_building,,1923,none
IC-95889,review,ENERGY PANEL STRUCTURES INC.,232 SEMO LANE,PERRYVILLE,MO,company_plant_elsewhere no_building_found,IC-96463:Perryville,,none
IC-66591,review,"137651 - BLUE RIDGE BUILDING COMPONENTS, INC.",208 JUSTICE HILLS DRIVE,DANA,NC,company_plant_elsewhere,IC-96342:Hendersonville,,
IC-96207,review,"159840 - CENTRAL STEEL BUILDINGS, INC.",181 WOLTZ STREET,MOUNT AIRY,NC,no_plant_scale_building,,2122,none
IC-66664,review,"CHAMPION HOME BUILDERS, INC.",2405 HWY 64 WEST,PLYMOUTH,NC,company_plant_elsewhere no_building_found,IC-65923:LILLINGTON IC-66615:LAURINBURG,,none
IC-96139,review,"158467 - STRUCTURAL 0201, LLC",300 ROELEE ST,TRINITY,NC,no_building_found,,,none
IC-95958,review,CLAYTON HOMES ALBUQUERQUE,300 PEACOCK RD,ESTANCIA,NM,company_plant_elsewhere no_building_found,IC-70415:ALBUQUERQUE,,none
IC-75428,review,317740039 - EMB METAL BUILDINGS LLC,210 E LOCUST ST,STANFIELD,OR,no_plant_scale_building,,2392,small_building
IC-75151,review,317720447 - HARMON MANUFACTURING CORPORATION,21 FAWN VIEW LN,FLORENCE,OR,no_plant_scale_building,,5331,nearest_largest
IC-95928,review,317732629 - KIP SCHUENING LLC,20357 HIGHWAY 99E NE,AURORA,OR,no_plant_scale_building,,9707,small_building
IC-75379,review,317709630 - PRECISION TRUSS & LUMBER INC,5755 SW HEWETT BLVD,PORTLAND,OR,company_plant_elsewhere no_plant_scale_building,IC-74953:CLACKAMAS,8479,small_building
IC-75334,review,THE TRUSS COMPANY AND BUILDING SUPPLY INC,429 W VENETO CIR,MEDFORD,OR,company_plant_elsewhere no_plant_scale_building,IC-74637:EUGENE IC-75123:WHITE CITY IC-95239:Redmond,5676,nearest_largest
IC-95311,review,TimberLab - Middleburg,2360 Conser Road,Millersburg,OR,company_plant_elsewhere no_building_found,IC-74391:SWISSHOME IC-94882:DRAIN IC-94890:Portland,,none
IC-96099,review,317738407 - UNRUH BUILDERS LLC,40505 N RUBY LOOP,SCIO,OR,no_plant_scale_building,,3413,small_building
IC-95890,review,"LEHIGH STRUCTURAL COMPONENTS, LLC",2400-2418 EAST HUNTINGDON STREET,PHILADELPHIA,PA,company_plant_elsewhere no_plant_scale_building,IC-75635:Easton,9960,small_building
IC-86152,review,"GENERAL SHELTERS OF TEXAS, LTD",21117 IH-10,WALLISVILLE,TX,company_plant_elsewhere no_building_found,IC-85937:CENTER IC-94119:CENTER,,none
IC-95819,review,WA317966672 - BARLOW TRUSS INC,3309 MICHAEL DR.,CLARKSTON,WA,no_plant_scale_building,,7855,nearest_largest
IC-96178,review,WA317986674 - BARLOW TRUSS INC,535 28TH ST N,CLARKSTON,WA,no_plant_scale_building,,3338,nearest_largest
IC-90872,review,WA317944963 - LOUWS TRUSS INC,2920 CODY LANE,BELLINGHAM,WA,company_plant_elsewhere,IC-95842:CASHMERE IC-96554:Burlington,37685,small_building
IC-95989,review,WA317976815 - LOUWS TRUSS INC,2901 MARVIN RD NE,LACEY,WA,company_plant_elsewhere,IC-95842:CASHMERE IC-96554:Burlington,32732,small_building
IC-96013,review,WA317978148 - LOUWS TRUSS INC,16910 LARCH WAY,LYNNWOOD,WA,company_plant_elsewhere no_plant_scale_building,IC-95842:CASHMERE IC-96554:Burlington,6402,small_building
IC-96104,review,WA317983301 - LOUWS TRUSS INC,2201 STOREHOUSE AVE.,RICHLAND,WA,company_plant_elsewhere,IC-95842:CASHMERE IC-96554:Burlington,,
IC-95826,review,WA317967045 - NOBLE TRUSS & LUMBER INC,50 14TH STREET NE,WENATCHEE,WA,no_plant_scale_building,,9266,small_building
IC-90862,review,WA317939653 - PHOENIX TRUSS CORPORATION THE,1725 EAST PALOS VERDES,OTHELLO,WA,no_plant_scale_building,,3526,small_building
IC-94597,review,WA317938347 - PHOENIX TRUSS CORPORATION THE,9626 SUPERIOR CT WAY,MOSES LAKE,WA,no_plant_scale_building,,5394,nearest_largest
IC-90563,review,WA317942930 - PRECAST BY DESIGN INC,133 ALLEN RD,ELK,WA,no_plant_scale_building,,7715,none
IC-90704,review,ROOF TRUSS SUPPLY INC,SE 39TH STREET,MERCER ISLAND,WA,company_plant_elsewhere no_plant_scale_building,IC-90315:WOODINVILLE,6324,nearest_largest
IC-90855,review,WA317941094 - ROOF TRUSS SUPPLY INC,9TH AVE & FILBERT RD,LYNNWOOD,WA,company_plant_elsewhere,IC-90315:WOODINVILLE,,
IC-95977,review,WA317988332 - SEATTLE TINY HOMES INC,24015 STATE ROUTE 410 E,BUCKLEY,WA,no_plant_scale_building,,4624,small_building
IC-95821,review,WA317966835 - STRUCTURAL COMPONENTS INC,505 FREESTYLE LANE,YAKIMA,WA,company_plant_elsewhere no_plant_scale_building,IC-96710:YAKIMA,6330,small_building
IC-96083,review,WA317982401 - STRUCTURAL COMPONENTS INC,1978 E. PAMONA RD,SELAH,WA,company_plant_elsewhere,IC-96710:YAKIMA,,
IC-95759,review,WA317962941 - THE TRUSS COMPANY & BUILDING SUPPLY LLC,11720 E. 1ST AVENUE,SPOKANE VALLEY,WA,company_plant_elsewhere,IC-90459:SUMNER IC-90888:PASCO IC-94399:BURLINGTON IC-95253:CENTRALIA IC-95685:Spokane,25410,small_building
IC-95839,review,WA317967624 - THE TRUSS COMPANY & BUILDING SUPPLY LLC,901 Q STREET SW,QUINCY,WA,company_plant_elsewhere no_building_found,IC-90459:SUMNER IC-90888:PASCO IC-94399:BURLINGTON IC-95253:CENTRALIA IC-95685:Spokane,,none
IC-95981,review,WA317976402 - THE TRUSS COMPANY & BUILDING SUPPLY LLC,4497 WANDERING WAY,PORT ORCHARD,WA,company_plant_elsewhere no_building_found,IC-90459:SUMNER IC-90888:PASCO IC-94399:BURLINGTON IC-95253:CENTRALIA IC-95685:Spokane,,none
IC-90553,review,WA317944343 - TRUS WAY OF TRI CITIES INC,10280 16TH PLACE,KENNEWICK,WA,no_plant_scale_building,,3338,small_building
IC-90564,review,WA317943744 - TRUS WAY OF TRI CITIES INC,6614 KNOCKING POINT ROAD,PASCO,WA,no_plant_scale_building,,6276,small_building
IC-90604,review,WA317946415 - TRUSS COMPANY & BUILDING SUPPLY INC THE,83102 EAST SAGEBRUSH,RICHLAND,WA,company_plant_elsewhere,IC-90459:SUMNER IC-90888:PASCO IC-94399:BURLINGTON IC-95253:CENTRALIA IC-95685:Spokane,,
IC-90838,review,WA317940369 - TRUSS COMPANY & BUILDING SUPPLY INC THE,HARBOR HILL S5LOT 1,GIG HARBOR,WA,company_plant_elsewhere lot_or_subdivision,IC-90459:SUMNER IC-90888:PASCO IC-94399:BURLINGTON IC-95253:CENTRALIA IC-95685:Spokane,47085,none
IC-90842,review,WA317939035 - TRUSS COMPANY & BUILDING SUPPLY INC THE,10251 RIDGELINE DRIVE,KENNEWICK,WA,company_plant_elsewhere,IC-90459:SUMNER IC-90888:PASCO IC-94399:BURLINGTON IC-95253:CENTRALIA IC-95685:Spokane,22641,small_building
IC-90793,review,TRUSS COMPANY AND BUILDING,12925 E MANSFIELD,SPOKANE VALLEY,WA,company_plant_elsewhere no_plant_scale_building,IC-90459:SUMNER IC-90888:PASCO IC-94399:BURLINGTON IC-95253:CENTRALIA IC-95685:Spokane,9468,small_building
IC-90550,review,WA317940248 - TRUSS COMPONENTS OF WASHINGTON,3633 MARKETPLACE WEST,UNIVERSITY PLACE,WA,company_plant_elsewhere,IC-90624:TUMWATER,57267,nearest_largest
