facility_id,field,value,retrieved_date,issue,evidence
IC-92775,state,TN,2026-09-26,https://github.com/pcsmith2000/IC_Factory_Database/issues/57,ZIP 37421 and city Chattanooga are TN; fl_bcis stored ID
IC-94244,state,IN,2026-09-26,https://github.com/pcsmith2000/IC_Factory_Database/issues/57,ZIP 46528-9250 and city Goshen are IN; tx_tdlr stored IL
IC-94871,state,FL,2026-09-26,https://github.com/pcsmith2000/IC_Factory_Database/issues/57,ZIP 32174 and city Ormond Beach are FL; in_dhs stored IN
IC-95014,state,FL,2026-09-26,https://github.com/pcsmith2000/IC_Factory_Database/issues/57,ZIP 34748 and city Leesburg are FL; mo_psc stored MO
IC-95184,state,PA,2026-09-26,https://github.com/pcsmith2000/IC_Factory_Database/issues/57,"ZIP 16933 and city Montgomery are PA; sipa stored AL; ZIP 16933 is Mansfield PA, the Murus plant"
IC-95431,state,OH,2026-09-26,https://github.com/pcsmith2000/IC_Factory_Database/issues/57,ZIP 43506 and city Bryan are OH; ic_directories_more shifted the state two places alphabetically
IC-95434,state,TX,2026-09-26,https://github.com/pcsmith2000/IC_Factory_Database/issues/57,ZIP 77020 and city Houston are TX; ic_directories_more shifted the state two places alphabetically
IC-95435,state,TX,2026-09-26,https://github.com/pcsmith2000/IC_Factory_Database/issues/57,ZIP 76424 and city Breckenridge are TX; ic_directories_more shifted the state two places alphabetically
IC-95436,state,UT,2026-09-26,https://github.com/pcsmith2000/IC_Factory_Database/issues/57,ZIP 84084 and city West Jordan are UT; ic_directories_more shifted the state two places alphabetically
IC-95437,state,NV,2026-09-26,https://github.com/pcsmith2000/IC_Factory_Database/issues/57,ZIP 89115 and city North Las Vegas are NV; ic_directories_more shifted the state two places alphabetically
IC-95439,state,TX,2026-09-26,https://github.com/pcsmith2000/IC_Factory_Database/issues/57,ZIP 75941 and city Diboll are TX; ic_directories_more shifted the state two places alphabetically
IC-95440,state,NV,2026-09-26,https://github.com/pcsmith2000/IC_Factory_Database/issues/57,ZIP 89015 and city Henderson are NV; ic_directories_more shifted the state two places alphabetically
IC-95441,state,SD,2026-09-26,https://github.com/pcsmith2000/IC_Factory_Database/issues/57,ZIP 57025 and city Elk Point are SD; ic_directories_more shifted the state two places alphabetically
IC-95442,state,TX,2026-09-26,https://github.com/pcsmith2000/IC_Factory_Database/issues/57,ZIP 76106 and city Fort Worth are TX; ic_directories_more shifted the state two places alphabetically
IC-95443,state,TX,2026-09-26,https://github.com/pcsmith2000/IC_Factory_Database/issues/57,ZIP 79845 and city Presidio are TX; ic_directories_more shifted the state two places alphabetically
IC-95445,state,TX,2026-09-26,https://github.com/pcsmith2000/IC_Factory_Database/issues/57,ZIP 76513 and city Belton are TX; ic_directories_more shifted the state two places alphabetically
IC-95446,state,TX,2026-09-26,https://github.com/pcsmith2000/IC_Factory_Database/issues/57,ZIP 75115 and city DeSoto are TX; ic_directories_more shifted the state two places alphabetically
IC-95447,state,UT,2026-09-26,https://github.com/pcsmith2000/IC_Factory_Database/issues/57,ZIP 84103 and city Salt Lake City are UT; ic_directories_more shifted the state two places alphabetically
IC-95448,state,TX,2026-09-26,https://github.com/pcsmith2000/IC_Factory_Database/issues/57,ZIP 76028 and city Burleson are TX; ic_directories_more shifted the state two places alphabetically
IC-95450,state,MI,2026-09-26,https://github.com/pcsmith2000/IC_Factory_Database/issues/57,ZIP 49418 and city Grandville are MI; ic_directories_more shifted the state two places alphabetically
IC-95451,state,MI,2026-09-26,https://github.com/pcsmith2000/IC_Factory_Database/issues/57,ZIP 48183 and city Trenton are MI; ic_directories_more shifted the state two places alphabetically
IC-07972,zip,72150-0099,2026-09-26,https://github.com/pcsmith2000/IC_Factory_Database/issues/57,source printed 9 digits without a dash (721500099); reformatted as ZIP+4
IC-08091,zip,71730-1877,2026-09-26,https://github.com/pcsmith2000/IC_Factory_Database/issues/57,source printed 9 digits without a dash (717301877); reformatted as ZIP+4
IC-08363,zip,72016,2026-09-26,https://github.com/pcsmith2000/IC_Factory_Database/issues/57,"source printed 9 digits without a dash (720160000); 0000 is padding, not a ZIP+4"
IC-20335,zip,33713-4311,2026-09-26,https://github.com/pcsmith2000/IC_Factory_Database/issues/57,source printed 9 digits without a dash (337134311); reformatted as ZIP+4
IC-20797,zip,33912-6008,2026-09-26,https://github.com/pcsmith2000/IC_Factory_Database/issues/57,source printed 9 digits without a dash (339126008); reformatted as ZIP+4
IC-21067,zip,34601-2428,2026-09-26,https://github.com/pcsmith2000/IC_Factory_Database/issues/57,source printed 9 digits without a dash (346012428); reformatted as ZIP+4
IC-21124,zip,33853-3207,2026-09-26,https://github.com/pcsmith2000/IC_Factory_Database/issues/57,source printed 9 digits without a dash (338533207); reformatted as ZIP+4
IC-21127,zip,33950-8321,2026-09-26,https://github.com/pcsmith2000/IC_Factory_Database/issues/57,source printed 9 digits without a dash (339508321); reformatted as ZIP+4
IC-21423,zip,33912-5906,2026-09-26,https://github.com/pcsmith2000/IC_Factory_Database/issues/57,source printed 9 digits without a dash (339125906); reformatted as ZIP+4
IC-21596,zip,33069-1334,2026-09-26,https://github.com/pcsmith2000/IC_Factory_Database/issues/57,source printed 9 digits without a dash (330691334); reformatted as ZIP+4
IC-22939,zip,31792-6339,2026-09-26,https://github.com/pcsmith2000/IC_Factory_Database/issues/57,source printed 9 digits without a dash (317926339); reformatted as ZIP+4
IC-56584,zip,01564,2026-09-26,https://github.com/pcsmith2000/IC_Factory_Database/issues/57,"source printed 9 digits without a dash (015640000); 0000 is padding, not a ZIP+4"
IC-56627,zip,02370,2026-09-26,https://github.com/pcsmith2000/IC_Factory_Database/issues/57,"source printed 9 digits without a dash (023700000); 0000 is padding, not a ZIP+4"
IC-56816,zip,01570,2026-09-26,https://github.com/pcsmith2000/IC_Factory_Database/issues/57,"source printed 9 digits without a dash (015700000); 0000 is padding, not a ZIP+4"
IC-60120,zip,56283-1427,2026-09-26,https://github.com/pcsmith2000/IC_Factory_Database/issues/57,source printed 9 digits without a dash (562831427); reformatted as ZIP+4
IC-66902,zip,27028-0845,2026-09-26,https://github.com/pcsmith2000/IC_Factory_Database/issues/57,source printed 9 digits without a dash (270280845); reformatted as ZIP+4
IC-68309,zip,68025-5769,2026-09-26,https://github.com/pcsmith2000/IC_Factory_Database/issues/57,source printed 9 digits without a dash (680255769); reformatted as ZIP+4
IC-68500,zip,68787-8139,2026-09-26,https://github.com/pcsmith2000/IC_Factory_Database/issues/57,source printed 9 digits without a dash (687878139); reformatted as ZIP+4
IC-75679,zip,16625-0343,2026-09-26,https://github.com/pcsmith2000/IC_Factory_Database/issues/57,source printed 9 digits without a dash (166250343); reformatted as ZIP+4
IC-76263,zip,17963-9563,2026-09-26,https://github.com/pcsmith2000/IC_Factory_Database/issues/57,source printed 9 digits without a dash (179639563); reformatted as ZIP+4
IC-76493,zip,17751-9398,2026-09-26,https://github.com/pcsmith2000/IC_Factory_Database/issues/57,source printed 9 digits without a dash (177519398); reformatted as ZIP+4
IC-84575,zip,78645-9666,2026-09-26,https://github.com/pcsmith2000/IC_Factory_Database/issues/57,source printed 9 digits without a dash (786459666); reformatted as ZIP+4
IC-84815,zip,78754-4603,2026-09-26,https://github.com/pcsmith2000/IC_Factory_Database/issues/57,source printed 9 digits without a dash (787544603); reformatted as ZIP+4
IC-85026,zip,79924-5006,2026-09-26,https://github.com/pcsmith2000/IC_Factory_Database/issues/57,source printed 9 digits without a dash (799245006); reformatted as ZIP+4
IC-85139,zip,79415-2003,2026-09-26,https://github.com/pcsmith2000/IC_Factory_Database/issues/57,source printed 9 digits without a dash (794152003); reformatted as ZIP+4
IC-85168,zip,78108-3944,2026-09-26,https://github.com/pcsmith2000/IC_Factory_Database/issues/57,source printed 9 digits without a dash (781083944); reformatted as ZIP+4
IC-85189,zip,78727-5817,2026-09-26,https://github.com/pcsmith2000/IC_Factory_Database/issues/57,source printed 9 digits without a dash (787275817); reformatted as ZIP+4
IC-85248,zip,77447-7818,2026-09-26,https://github.com/pcsmith2000/IC_Factory_Database/issues/57,source printed 9 digits without a dash (774477818); reformatted as ZIP+4
IC-87878,zip,24210,2026-09-26,https://github.com/pcsmith2000/IC_Factory_Database/issues/57,"source printed 9 digits without a dash (242100000); 0000 is padding, not a ZIP+4"
IC-87961,zip,22603,2026-09-26,https://github.com/pcsmith2000/IC_Factory_Database/issues/57,"source printed 9 digits without a dash (226030000); 0000 is padding, not a ZIP+4"
IC-88041,zip,24112,2026-09-26,https://github.com/pcsmith2000/IC_Factory_Database/issues/57,"source printed 9 digits without a dash (241120000); 0000 is padding, not a ZIP+4"
IC-88058,zip,24319,2026-09-26,https://github.com/pcsmith2000/IC_Factory_Database/issues/57,"source printed 9 digits without a dash (243190000); 0000 is padding, not a ZIP+4"
IC-88107,zip,24251,2026-09-26,https://github.com/pcsmith2000/IC_Factory_Database/issues/57,"source printed 9 digits without a dash (242510000); 0000 is padding, not a ZIP+4"
IC-88190,zip,23917,2026-09-26,https://github.com/pcsmith2000/IC_Factory_Database/issues/57,"source printed 9 digits without a dash (239170000); 0000 is padding, not a ZIP+4"
IC-88373,zip,24277,2026-09-26,https://github.com/pcsmith2000/IC_Factory_Database/issues/57,"source printed 9 digits without a dash (242770000); 0000 is padding, not a ZIP+4"
IC-88494,zip,24368,2026-09-26,https://github.com/pcsmith2000/IC_Factory_Database/issues/57,"source printed 9 digits without a dash (243680000); 0000 is padding, not a ZIP+4"
IC-88517,zip,24343,2026-09-26,https://github.com/pcsmith2000/IC_Factory_Database/issues/57,"source printed 9 digits without a dash (243430000); 0000 is padding, not a ZIP+4"
IC-88526,zip,22630,2026-09-26,https://github.com/pcsmith2000/IC_Factory_Database/issues/57,"source printed 9 digits without a dash (226300000); 0000 is padding, not a ZIP+4"
IC-88652,zip,23047,2026-09-26,https://github.com/pcsmith2000/IC_Factory_Database/issues/57,"source printed 9 digits without a dash (230470000); 0000 is padding, not a ZIP+4"
IC-91041,zip,54449-4620,2026-09-26,https://github.com/pcsmith2000/IC_Factory_Database/issues/57,source printed 9 digits without a dash (544494620); reformatted as ZIP+4
IC-91138,zip,54157-1556,2026-09-26,https://github.com/pcsmith2000/IC_Factory_Database/issues/57,source printed 9 digits without a dash (541571556); reformatted as ZIP+4
IC-91157,zip,53963-2310,2026-09-26,https://github.com/pcsmith2000/IC_Factory_Database/issues/57,source printed 9 digits without a dash (539632310); reformatted as ZIP+4
IC-91167,zip,54449-1042,2026-09-26,https://github.com/pcsmith2000/IC_Factory_Database/issues/57,source printed 9 digits without a dash (544491042); reformatted as ZIP+4
IC-94578,zip,17842-9488,2026-09-26,https://github.com/pcsmith2000/IC_Factory_Database/issues/57,source printed 9 digits without a dash (178429488); reformatted as ZIP+4
IC-94841,zip,76227-8030,2026-09-26,https://github.com/pcsmith2000/IC_Factory_Database/issues/57,source printed 9 digits without a dash (762278030); reformatted as ZIP+4
IC-93941,address,1003 West Main Street,2026-09-26,https://github.com/pcsmith2000/IC_Factory_Database/issues/63,"or_bcd printed city, state and country into the street (1003 West Main Street, Elk Point, SD, USA); city/state/zip columns already hold them"
IC-94632,address,319 Valley Creek Rd,2026-09-26,https://github.com/pcsmith2000/IC_Factory_Database/issues/63,"tako_ai_search printed city, state and ZIP into the street (319 Valley Creek Rd, Elizabethtown, KY 42701); city/state/zip columns already hold them"
IC-92799,address,2402 Orange Ave Circle,2026-09-28,https://github.com/pcsmith2000/IC_Factory_Database/issues/85,"finfrock.com/contact lists ""FINFROCK Corporate Headquarters ... 2400 Apopka Blvd Apopka, FL 32703"" and ""South Florida Manufacturing Facility ... 2402 Orange Ave Circle Belle Glade, FL 33430""; the record pointed at the HQ, not the plant"
IC-92799,city,Belle Glade,2026-09-28,https://github.com/pcsmith2000/IC_Factory_Database/issues/85,"finfrock.com/contact lists ""FINFROCK Corporate Headquarters ... 2400 Apopka Blvd Apopka, FL 32703"" and ""South Florida Manufacturing Facility ... 2402 Orange Ave Circle Belle Glade, FL 33430""; the record pointed at the HQ, not the plant"
IC-92799,zip,33430,2026-09-28,https://github.com/pcsmith2000/IC_Factory_Database/issues/85,"finfrock.com/contact lists ""FINFROCK Corporate Headquarters ... 2400 Apopka Blvd Apopka, FL 32703"" and ""South Florida Manufacturing Facility ... 2402 Orange Ave Circle Belle Glade, FL 33430""; the record pointed at the HQ, not the plant"
IC-95255,address,92 Modern Living Solutions Way,2026-09-29,https://github.com/pcsmith2000/IC_Factory_Database/issues/95,was '92 MODERN LIVING SOLUTIONS'; modsbymodern.com/about-us: the Knox PA factory is at 92 Modern Living Solutions Way (owner audit workbook)
IC-10757,website,https://faststruct.com,2026-09-29,https://github.com/pcsmith2000/IC_Factory_Database/issues/95,was ''; faststruct.com/the-system (owner audit workbook)
IC-13875,website,https://goipme.com,2026-09-29,https://github.com/pcsmith2000/IC_Factory_Database/issues/95,was ''; goipme.com/contact (owner audit workbook)
IC-17609,website,https://model-z.com,2026-09-29,https://github.com/pcsmith2000/IC_Factory_Database/issues/95,was ''; model-z.com; offsitebuilder.com (owner audit workbook)
IC-94948,address,2308 S 11th Ave,2026-09-29,https://github.com/pcsmith2000/IC_Factory_Database/issues/95,was '206 E Portland Street'; steelandspark.com/visit-us: the shop is 2308 S 11th Ave; 206 E Portland St is a demo site (owner audit workbook)
IC-94948,zip,85007,2026-09-29,https://github.com/pcsmith2000/IC_Factory_Database/issues/95,"was '85004'; steelandspark.com/visit-us: 2308 S 11th Ave, Phoenix AZ 85007 (owner audit workbook)"
IC-12007,website,https://americanmodular.com,2026-09-29,https://github.com/pcsmith2000/IC_Factory_Database/issues/95,was 'http://www.gen7schools.com/'; americanmodular.com/brand/gen7 (gen7schools.com is a brand site) (owner audit workbook)
IC-95967,address,8905 Industrial Drive,2026-09-29,https://github.com/pcsmith2000/IC_Factory_Database/issues/95,was '8905 INDUSTRIAL RD'; natmodusa.com: Haven KS plant 8905 Industrial Drive (owner audit workbook)
IC-93494,website,https://cmcmod.com,2026-09-29,https://github.com/pcsmith2000/IC_Factory_Database/issues/95,was ''; cmcmod.com (owner audit workbook)
IC-93913,address,405 E Boeing Ln,2026-09-29,https://github.com/pcsmith2000/IC_Factory_Database/issues/95,"was '405 E BOEING'; sunbeltmodular.com: Northwest Building Systems, 405 E Boeing Ln, Boise (owner audit workbook)"
IC-93913,website,https://nwbsinc.com,2026-09-29,https://github.com/pcsmith2000/IC_Factory_Database/issues/95,was ''; nwbsinc.com (owner audit workbook)
IC-94058,address,892 N Broad St,2026-09-29,https://github.com/pcsmith2000/IC_Factory_Database/issues/95,"was 'P.O. Box 1079'; trcustominc.com: 892 N Broad St, Ellaville GA 31806 (record held a PO Box) (owner audit workbook)"
IC-94058,website,https://trcustominc.com,2026-09-29,https://github.com/pcsmith2000/IC_Factory_Database/issues/95,was ''; trcustominc.com (owner audit workbook)
IC-10675,website,https://silvercreekmodular.com,2026-09-29,https://github.com/pcsmith2000/IC_Factory_Database/issues/95,was 'http://www.modtech.com'; silvercreekmodular.com (owner audit workbook)
IC-52384,address,4711 S Santa Fe Ave,2026-09-29,https://github.com/pcsmith2000/IC_Factory_Database/issues/95,"was 'HWY 169 S'; advancedsystemshomes.com lists 4711 S Santa Fe Ave, Chanute KS 66720 (record held 'HWY 169 S') (owner audit workbook)"
IC-52384,website,https://www.advancedsystemshomes.com,2026-09-29,https://github.com/pcsmith2000/IC_Factory_Database/issues/95,was ''; advancedsystemshomes.com (owner audit workbook)
IC-93634,address,499 W 3rd St,2026-09-29,https://github.com/pcsmith2000/IC_Factory_Database/issues/95,"was '159 POWER HOUSE ROAD'; vbc.co/factories: Berwick factory at 499 W 3rd St., Berwick PA 18603 (owner audit workbook)"
IC-94079,address,202 N Gazzie St,2026-09-29,https://github.com/pcsmith2000/IC_Factory_Database/issues/95,was '202 GAZZLE ST'; studiobuilthomes.com: 202 N Gazzie St (record misspelt GAZZLE) (owner audit workbook)
IC-94910,address,3251 Westerville Road,2026-09-29,https://github.com/pcsmith2000/IC_Factory_Database/issues/95,"was '577 W Nationwide Blvd, Suite 600'; connecthousingblocks.com: factory 3251 Westerville Road, Columbus OH 43224 (record held the office suite) (owner audit workbook)"
IC-94910,zip,43224,2026-09-29,https://github.com/pcsmith2000/IC_Factory_Database/issues/95,was '43215'; connecthousingblocks.com: factory ZIP 43224 (owner audit workbook)
IC-94998,address,111 Grant St,2026-09-29,https://github.com/pcsmith2000/IC_Factory_Database/issues/95,"was 'P.O. BOX 127'; bonnavilla.com: plant 111 Grant St, Aurora NE 68818 (record held a PO Box) (owner audit workbook)"
IC-94953,address,22100 E 26th Avenue,2026-09-29,https://github.com/pcsmith2000/IC_Factory_Database/issues/95,"was '264 Snowy Ridge Rd.'; vederra.com/about: factory 22100 E 26th Avenue, Aurora CO 80019 (Evergreen is the office) (owner audit workbook)"
IC-94953,city,Aurora,2026-09-29,https://github.com/pcsmith2000/IC_Factory_Database/issues/95,was 'Evergreen'; vederra.com/about: factory in Aurora CO (owner audit workbook)
IC-94953,zip,80019,2026-09-29,https://github.com/pcsmith2000/IC_Factory_Database/issues/95,was '80439'; vederra.com/about: Aurora CO 80019 (owner audit workbook)
IC-95031,address,2660 Highway 9 East,2026-09-29,https://github.com/pcsmith2000/IC_Factory_Database/issues/95,"was '3340 Peachtree Rd, Suite 1660'; arrisbuilt.com: plant 2660 Highway 9 East, Clio SC 29525 (Atlanta is the office) (owner audit workbook)"
IC-95031,city,Clio,2026-09-29,https://github.com/pcsmith2000/IC_Factory_Database/issues/95,was 'Atlanta'; arrisbuilt.com: plant in Clio SC (owner audit workbook)
IC-95031,state,SC,2026-09-29,https://github.com/pcsmith2000/IC_Factory_Database/issues/95,was 'GA'; arrisbuilt.com: plant in Clio SC (owner audit workbook)
IC-95031,zip,29525,2026-09-29,https://github.com/pcsmith2000/IC_Factory_Database/issues/95,was '30326'; arrisbuilt.com: Clio SC 29525 (owner audit workbook)
IC-96149,address,16355 W. Elwood St.,2026-09-29,https://github.com/pcsmith2000/IC_Factory_Database/issues/95,"was '1205 NORTH ELISEO FELIX JUNIOR WAY STE A107'; atom-modular.com/about: manufacturing facility 16355 W. Elwood St., Goodyear AZ 85338 (owner audit workbook)"
IC-96149,city,Goodyear,2026-09-29,https://github.com/pcsmith2000/IC_Factory_Database/issues/95,was 'AVONDALE'; atom-modular.com/about: facility in Goodyear AZ (owner audit workbook)
IC-96149,zip,85338,2026-09-29,https://github.com/pcsmith2000/IC_Factory_Database/issues/95,was '85323'; atom-modular.com/about: Goodyear AZ 85338 (owner audit workbook)
IC-92631,state,NC,2026-09-29,https://github.com/pcsmith2000/IC_Factory_Database/issues/95,"was ''; YellowPages: Buildz LLC, Forest City NC 28043 (owner audit workbook)"
IC-93279,state,MS,2026-09-29,https://github.com/pcsmith2000/IC_Factory_Database/issues/95,"was ''; Angi: Southern Building Solutions LLC, Ecru MS (owner audit workbook)"
IC-93397,state,FL,2026-09-29,https://github.com/pcsmith2000/IC_Factory_Database/issues/95,"was ''; valiantmodular.com: 15 Tower Circle W., Ormond Beach FL 32174 (owner audit workbook)"
IC-93427,state,IN,2026-09-29,https://github.com/pcsmith2000/IC_Factory_Database/issues/95,"was ''; sunbeltmodular.com: Whitley Manufacturing, 201 W First St, South Whitley IN 46787 (owner audit workbook)"
IC-93516,zip,55063,2026-09-29,https://github.com/pcsmith2000/IC_Factory_Database/issues/95,was ''; Pine City MN ZIP is 55063 (owner audit workbook)
IC-93592,zip,07840,2026-09-29,https://github.com/pcsmith2000/IC_Factory_Database/issues/95,was ''; Hackettstown NJ ZIP is 07840 (owner audit workbook)
IC-95092,zip,43804,2026-09-29,https://github.com/pcsmith2000/IC_Factory_Database/issues/95,was ''; Baltic OH ZIP is 43804 (owner audit workbook)
IC-11386,website,https://claytonhomessacramento.com,2026-09-29,https://github.com/pcsmith2000/IC_Factory_Database/issues/95,was ''; cmhi.org: Clayton Manufacturing Sacramento (owner audit workbook)
IC-37646,website,https://sunbeltmodular.com,2026-09-29,https://github.com/pcsmith2000/IC_Factory_Database/issues/95,was 'http://specializedstructures.com'; specializedstructures.com now redirects to sunbeltmodular.com (Sunbelt company) (owner audit workbook)
IC-37647,website,https://sunbeltmodular.com,2026-09-29,https://github.com/pcsmith2000/IC_Factory_Database/issues/95,was 'promodmfg.com'; promodmfg.com redirects to sunbeltmodular.com (Sunbelt company since 2020) (owner audit workbook)
IC-53192,website,http://qualityhomesinc.com,2026-09-29,https://github.com/pcsmith2000/IC_Factory_Database/issues/95,was ''; qualityhomesinc.com (owner audit workbook)
IC-59504,website,http://www.mfeinc.com,2026-09-29,https://github.com/pcsmith2000/IC_Factory_Database/issues/95,"was ''; mfeinc.com (address 306 West State St, Cassopolis confirmed) (owner audit workbook)"
IC-65721,website,https://holmesmodular.com,2026-09-29,https://github.com/pcsmith2000/IC_Factory_Database/issues/95,was 'http://www.hbshome.com/'; hbshome.com redirects to holmesmodular.com (owner audit workbook)
IC-65924,website,https://www.ritz-craft.com,2026-09-29,https://github.com/pcsmith2000/IC_Factory_Database/issues/95,was ''; ritz-craft.com (owner audit workbook)
IC-76328,website,https://www.pleasantvalleymodularhomes.com,2026-09-29,https://github.com/pcsmith2000/IC_Factory_Database/issues/95,was ''; pleasantvalleymodularhomes.com/contact (owner audit workbook)
IC-92571,website,https://arningco.com,2026-09-29,https://github.com/pcsmith2000/IC_Factory_Database/issues/95,"was ''; arningco.com (Clarksville campus, 1 Boreham Dr) (owner audit workbook)"
IC-92586,website,https://avonmodular.com,2026-09-29,https://github.com/pcsmith2000/IC_Factory_Database/issues/95,was ''; avonmodular.com/about-us (owner audit workbook)
IC-92590,website,https://www.b2medical.co,2026-09-29,https://github.com/pcsmith2000/IC_Factory_Database/issues/95,was ''; b2medical.co/modulars (owner audit workbook)
IC-92631,website,https://buildz.com,2026-09-29,https://github.com/pcsmith2000/IC_Factory_Database/issues/95,was ''; buildz.com (owner audit workbook)
IC-92762,website,https://dwellinz.com,2026-09-29,https://github.com/pcsmith2000/IC_Factory_Database/issues/95,was ''; dwellinz.com (owner audit workbook)
IC-92879,website,https://hexaport.com,2026-09-29,https://github.com/pcsmith2000/IC_Factory_Database/issues/95,was ''; hexaport.com (owner audit workbook)
IC-92908,website,https://impresabuildingsystems.com,2026-09-29,https://github.com/pcsmith2000/IC_Factory_Database/issues/95,"was 'https://impresamodular.com'; impresabuildingsystems.com is the factory's own site (161 Rock Church Rd SE, Greenwood SC) (owner audit workbook)"
IC-93282,website,https://claytonalabamahomes.com,2026-09-29,https://github.com/pcsmith2000/IC_Factory_Database/issues/95,was ''; southernenergyhomes.com redirects to claytonalabamahomes.com (owner audit workbook)
IC-93293,website,https://speedspace.org,2026-09-29,https://github.com/pcsmith2000/IC_Factory_Database/issues/95,"was ''; speedspace.org/contact-us (655 N. Tomahawk Trail, Nappanee confirmed) (owner audit workbook)"
IC-93397,website,https://valiantmodular.com,2026-09-29,https://github.com/pcsmith2000/IC_Factory_Database/issues/95,was ''; valiantmodular.com (owner audit workbook)
IC-93427,website,https://sunbeltmodular.com,2026-09-29,https://github.com/pcsmith2000/IC_Factory_Database/issues/95,was 'https://www.whitleyman.com'; whitleyman.com redirects to sunbeltmodular.com (owner audit workbook)
IC-93428,website,https://sunbeltmodular.com,2026-09-29,https://github.com/pcsmith2000/IC_Factory_Database/issues/95,was 'https://www.whitleyman.com'; whitleyman.com redirects to sunbeltmodular.com; Whitley acquired by Sunbelt July 2025 (owner audit workbook)
IC-93462,website,https://agmstructures.com,2026-09-29,https://github.com/pcsmith2000/IC_Factory_Database/issues/95,was ''; agmstructures.com (owner audit workbook)
IC-93482,website,https://sunbeltmodular.com,2026-09-29,https://github.com/pcsmith2000/IC_Factory_Database/issues/95,was 'http://candbmod.com'; candbmod.com redirects to sunbeltmodular.com; C&B is a Sunbelt company (owner audit workbook)
IC-93517,website,https://4squaremodular1.com,2026-09-29,https://github.com/pcsmith2000/IC_Factory_Database/issues/95,was ''; 4squaremodular1.com (owner audit workbook)
IC-93554,website,https://yourmch.com,2026-09-29,https://github.com/pcsmith2000/IC_Factory_Database/issues/95,"was ''; yourmch.com (Modern Country Homes, 1803 Mountain Rd, Newburg PA) (owner audit workbook)"
IC-93577,website,https://pinkehomes.com,2026-09-29,https://github.com/pcsmith2000/IC_Factory_Database/issues/95,was ''; pinkehomes.com (owner audit workbook)
IC-93799,website,https://www.michfactorydirectmodulars.com,2026-09-29,https://github.com/pcsmith2000/IC_Factory_Database/issues/95,"was ''; michfactorydirectmodulars.com (Thomas Classrooms & Modulars, Belding MI) (owner audit workbook)"
IC-93837,website,https://www.titanmod.com,2026-09-29,https://github.com/pcsmith2000/IC_Factory_Database/issues/95,was 'https://titan-modular-systems-inc-ga-2.hub.biz'; titanmod.com is the official site (record held a hub.biz listing) (owner audit workbook)
IC-93856,website,https://atelier7group.com,2026-09-29,https://github.com/pcsmith2000/IC_Factory_Database/issues/95,was ''; atelier7group.com (owner audit workbook)
IC-93865,website,https://atelier7group.com,2026-09-29,https://github.com/pcsmith2000/IC_Factory_Database/issues/95,was ''; atelier7group.com (owner audit workbook)
IC-93866,website,https://www.immersivestructural.com,2026-09-29,https://github.com/pcsmith2000/IC_Factory_Database/issues/95,was ''; immersivestructural.com (owner audit workbook)
IC-93939,website,https://modspdx.com,2026-09-29,https://github.com/pcsmith2000/IC_Factory_Database/issues/95,was ''; modspdx.com (owner audit workbook)
IC-93953,website,https://tlcmodularhomes.com,2026-09-29,https://github.com/pcsmith2000/IC_Factory_Database/issues/95,was ''; tlcmodularhomes.com/about (owner audit workbook)
IC-94077,website,http://www.advancedmodular.us,2026-09-29,https://github.com/pcsmith2000/IC_Factory_Database/issues/95,was 'http://www.advancedmodular/'; record held a malformed URL; advancedmodular.us/contact_us.html (owner audit workbook)
IC-94083,website,https://structures.atco.com/en-us.html,2026-09-29,https://github.com/pcsmith2000/IC_Factory_Database/issues/95,"was 'Modular Buildings | ATCO Structures United States'; record held a page title, not a URL; structures.atco.com (owner audit workbook)"
IC-94525,website,https://usoffsite.com,2026-09-29,https://github.com/pcsmith2000/IC_Factory_Database/issues/95,was 'https://www.us-offsite.com'; us-offsite.com redirects to usoffsite.com (owner audit workbook)
IC-94669,website,https://sunbeltmodular.com,2026-09-29,https://github.com/pcsmith2000/IC_Factory_Database/issues/95,was ''; MBI directory lists sunbeltmodular.com for Specialized Structures (owner audit workbook)
IC-94670,website,https://affinitybuildingsystems.com,2026-09-29,https://github.com/pcsmith2000/IC_Factory_Database/issues/95,"was 'townhomesllc.com'; record held townhomesllc.com (another company); affinitybuildingsystems.com confirms 62 Murray Blvd, Lakeland GA (owner audit workbook)"
IC-94725,website,https://www.cmcmod.com,2026-09-29,https://github.com/pcsmith2000/IC_Factory_Database/issues/95,was ''; cmcmod.com (owner audit workbook)
IC-95001,website,https://claytonmiddlebury.com,2026-09-29,https://github.com/pcsmith2000/IC_Factory_Database/issues/95,was ''; claytonmiddlebury.com (owner audit workbook)
IC-95014,website,https://sunbeltmodular.com,2026-09-29,https://github.com/pcsmith2000/IC_Factory_Database/issues/95,was ''; MBI: Southeast Modular is a Sunbelt company (sunbeltmodular.com) (owner audit workbook)
IC-95031,website,https://arrisbuilt.com,2026-09-29,https://github.com/pcsmith2000/IC_Factory_Database/issues/95,was ''; arrisbuilt.com (now vantem.com) (owner audit workbook)
IC-95036,website,https://claytonalabamahomes.com,2026-09-29,https://github.com/pcsmith2000/IC_Factory_Database/issues/95,was 'https://cavalieralabama.com'; cavalieralabama.com redirects to claytonalabamahomes.com (owner audit workbook)
IC-95038,website,https://www.cavcohomes.com/crouse,2026-09-29,https://github.com/pcsmith2000/IC_Factory_Database/issues/95,was 'http://r-anell.com'; r-anell.com redirects to cavcohomes.com/crouse (plant rebranded Cavco-Crouse) (owner audit workbook)
IC-95117,website,https://sunbeltmodular.com,2026-09-29,https://github.com/pcsmith2000/IC_Factory_Database/issues/95,was ''; southeastmodular.com redirects to sunbeltmodular.com (owner audit workbook)
IC-96149,website,https://www.atom-modular.com,2026-09-29,https://github.com/pcsmith2000/IC_Factory_Database/issues/95,was ''; atom-modular.com/about (owner audit workbook)
