#,accuracy_type,name,address,lat,lon,google_maps,website,search_if_no_website,geocodio_source,verdict,why
1,rooftop,TDG ENERGY SERVICES,"29315 HIGHWAY BLVD, KATY, TX 77494-8207",29.784642,-95.876436,"https://www.google.com/maps/search/?api=1&query=29.784642,-95.876436",,https://www.google.com/search?q=TDG+ENERGY+SERVICES+KATY+TX,City of Katy,,
2,rooftop,MODULAR ENGINEERING,"1802 CRANBERRY STREET, ERIE, PA 16502",42.108376,-80.103382,"https://www.google.com/maps/search/?api=1&query=42.108376,-80.103382",,https://www.google.com/search?q=MODULAR+ENGINEERING+ERIE+PA,Erie,,
3,rooftop,"ROBINSON, INC.","2121 S. 30TH ST., MANITOWOC, WI",44.072867,-87.68591,"https://www.google.com/maps/search/?api=1&query=44.072867,-87.68591",https://www.robinsoninc.com,https://www.google.com/search?q=ROBINSON%2C+INC.+MANITOWOC+WI,Wisconsin Land Information Program,,
4,rooftop,WHITLEY MANUFACTURING CO LLC,"201 W FIRST STREET, SOUTH WHITLEY, IN 46787",41.089693,-85.629836,"https://www.google.com/maps/search/?api=1&query=41.089693,-85.629836",,https://www.google.com/search?q=WHITLEY+MANUFACTURING+CO+LLC+SOUTH+WHITLEY+IN,"Address Points of Indiana: Address Points Maintained by Local Government Agencies in Indiana, (Indiana Geographic Information Office, File Geodatabase, Point Feature Class)",,
5,rooftop,MADISON IND. INC. OF GA,"1035 IRIS DR., SE, CONYERS, GA",33.653893,-84.013746,"https://www.google.com/maps/search/?api=1&query=33.653893,-84.013746",,https://www.google.com/search?q=MADISON+IND.+INC.+OF+GA+CONYERS+GA,Rockdale,,
6,rooftop,"BENTLEY WELDING, INC.","527 6TH AVE, GREELEY, CO 80631-2418",40.427603,-104.687622,"https://www.google.com/maps/search/?api=1&query=40.427603,-104.687622",https://www.bentleyweldinginc.com,https://www.google.com/search?q=BENTLEY+WELDING%2C+INC.+GREELEY+CO,City of Greeley,,
7,rooftop,SCHULT HOMES,"201 INDUSTRIAL DR., REDWOOD FALLS, MN",44.544732,-95.092363,"https://www.google.com/maps/search/?api=1&query=44.544732,-95.092363",https://claytonredwoodfalls.com,https://www.google.com/search?q=SCHULT+HOMES+REDWOOD+FALLS+MN,Statewide MN,,
8,rooftop,CREATIVE MOD. CONST. (KEARNEY),"2738 E. KEARNEY ST., SPRINGFIELD, MO",37.238515,-93.239512,"https://www.google.com/maps/search/?api=1&query=37.238515,-93.239512",,https://www.google.com/search?q=CREATIVE+MOD.+CONST.+%28KEARNEY%29+SPRINGFIELD+MO,Greene,,
9,rooftop,ATKINSON IND.,"1801 E. 27TH ST. TERRACE, PITTSBURG, KS",37.434801,-94.67551,"https://www.google.com/maps/search/?api=1&query=37.434801,-94.67551",,https://www.google.com/search?q=ATKINSON+IND.+PITTSBURG+KS,Crawford County,,
10,rooftop,HENNIG ENCLOSURE SYS.,"9904 N. ALPINE RD., MACHESNEY PARK, IL",42.372528,-89.026646,"https://www.google.com/maps/search/?api=1&query=42.372528,-89.026646",,https://www.google.com/search?q=HENNIG+ENCLOSURE+SYS.+MACHESNEY+PARK+IL,Winnebago,,
11,rooftop,PANELMATIC BRK,"6882 PARKWAY DR., BROOKFIELD, OH",41.22771,-80.568726,"https://www.google.com/maps/search/?api=1&query=41.22771,-80.568726",,https://www.google.com/search?q=PANELMATIC+BRK+BROOKFIELD+OH,Trumbull,,
12,rooftop,CONEXWEST,"17100 S HARLAN RD, LATHROP, CA",37.806132,-121.295106,"https://www.google.com/maps/search/?api=1&query=37.806132,-121.295106",https://www.conexwest.com,https://www.google.com/search?q=CONEXWEST+LATHROP+CA,City of Manteca (City of Manteca CC BY 4.0),,
13,rooftop,"SOUTHEAST MOD. MFG., LEESBURG","2500 INDUSTRIAL ST., LEESBURG, FL",28.825356,-81.905867,"https://www.google.com/maps/search/?api=1&query=28.825356,-81.905867",,https://www.google.com/search?q=SOUTHEAST+MOD.+MFG.%2C+LEESBURG+LEESBURG+FL,Lake (Public Domain Lake County),,
14,rooftop,"WESTCHESTER MOD. HOMES, INC.","30 REAGANS MILL RD., WINGDALE, NY",41.662078,-73.55576,"https://www.google.com/maps/search/?api=1&query=41.662078,-73.55576",,https://www.google.com/search?q=WESTCHESTER+MOD.+HOMES%2C+INC.+WINGDALE+NY,"NYS GIS Program Office, State Geographic Information Officer (GIO)",,
15,rooftop,VERTIV CORPORATION,"134 LONG RD, WILLIAMSTON, SC 29697-9725",34.611077,-82.604892,"https://www.google.com/maps/search/?api=1&query=34.611077,-82.604892",https://www.vertiv.com,https://www.google.com/search?q=VERTIV+CORPORATION+WILLIAMSTON+SC,Anderson,,
16,rooftop,"LITTLE BLDG., INC.","161 SHAFER DR., ROMEO, MI",42.808592,-82.983765,"https://www.google.com/maps/search/?api=1&query=42.808592,-82.983765",,https://www.google.com/search?q=LITTLE+BLDG.%2C+INC.+ROMEO+MI,Macomb,,
17,rooftop,"COASTAL DETENTION HOLDINGS, LLC","555 LINCOLN AVE. NW, HURON, SD",44.372781,-98.235894,"https://www.google.com/maps/search/?api=1&query=44.372781,-98.235894",,https://www.google.com/search?q=COASTAL+DETENTION+HOLDINGS%2C+LLC+HURON+SD,Statewide SD,,
18,rooftop,POWERTEC DISTRIBUTION & MOTOR CONTROL CORPORATION,"1555 E APACHE PARK PL, TUCSON, AZ 85714-1777",32.171688,-110.948834,"https://www.google.com/maps/search/?api=1&query=32.171688,-110.948834",https://powertec.com,https://www.google.com/search?q=POWERTEC+DISTRIBUTION+%26+MOTOR+CONTROL+CORPORATION+TUCSON+AZ,Pima,,
19,rooftop,VFP INC PLANT II,"402 INDUSTRIAL PARK ROAD, DUFFIELD, VA 24244",36.714961,-82.797308,"https://www.google.com/maps/search/?api=1&query=36.714961,-82.797308",https://vfp.us,https://www.google.com/search?q=VFP+INC+PLANT+II+DUFFIELD+VA,Virginia Geographic Information Network (VGIN),,
20,rooftop,"MOD. RESOURCES, INC.","878 N. MAIN ST., LORETTO, TN",35.102731,-87.417112,"https://www.google.com/maps/search/?api=1&query=35.102731,-87.417112",,https://www.google.com/search?q=MOD.+RESOURCES%2C+INC.+LORETTO+TN,Statewide TN,,
21,nearest_rooftop_match,"CAVCO MANUFACTURING, LLC","830 BASTROP HIGHWAY, AUSTIN, TX 78741",30.232127,-97.68291,"https://www.google.com/maps/search/?api=1&query=30.232127,-97.68291",https://www.cavcohomes.com,https://www.google.com/search?q=CAVCO+MANUFACTURING%2C+LLC+AUSTIN+TX,City of Austin (Public Domain),,
22,nearest_rooftop_match,CAVCO-DORCHESTER,"337 LIBERTY ST., DORCHESTER, WI",45.005994,-90.325373,"https://www.google.com/maps/search/?api=1&query=45.005994,-90.325373",https://www.cavcohomes.com,https://www.google.com/search?q=CAVCO-DORCHESTER+DORCHESTER+WI,Wisconsin Land Information Program,,
23,nearest_rooftop_match,INTERSTATES – TOPEKA,"4600 NW US 24 HWY, TOPEKA, KS",39.08947,-95.733052,"https://www.google.com/maps/search/?api=1&query=39.08947,-95.733052",https://www.interstates.com,https://www.google.com/search?q=INTERSTATES+%E2%80%93+TOPEKA+TOPEKA+KS,Statewide KS,,
24,nearest_rooftop_match,"SPECIALIZED STR., INC.","2400 SPRINGHEAD CHURCH RD., WILLACOOCHEE, GA",31.301289,-83.027387,"https://www.google.com/maps/search/?api=1&query=31.301289,-83.027387",,https://www.google.com/search?q=SPECIALIZED+STR.%2C+INC.+WILLACOOCHEE+GA,Atkinson,,
25,nearest_rooftop_match,LAKE SHORE ELECTRIC (LLC),"5 HEMISPHERE WAY, BEDFORD, OH 44146-4216",41.377762,-81.533946,"https://www.google.com/maps/search/?api=1&query=41.377762,-81.533946",,https://www.google.com/search?q=LAKE+SHORE+ELECTRIC+%28LLC%29+BEDFORD+OH,Cuyahoga,,
26,nearest_rooftop_match,THERMO BOND BLDG. (PLANT 1),"1103 W. MAIN ST., ELK POINT, SD",42.692066,-96.696102,"https://www.google.com/maps/search/?api=1&query=42.692066,-96.696102",,https://www.google.com/search?q=THERMO+BOND+BLDG.+%28PLANT+1%29+ELK+POINT+SD,Union County,,
27,nearest_rooftop_match,ARNING COMPANIES INC,"1 RS BOREHAM DR, CLARKSVILLE, AR 72830",35.494634,-93.469958,"https://www.google.com/maps/search/?api=1&query=35.494634,-93.469958",https://www.arningco.com,https://www.google.com/search?q=ARNING+COMPANIES+INC+CLARKSVILLE+AR,Arkansas Geographic Information Office,,
28,nearest_rooftop_match,"BOXABL, INC.","5345 E NORTH BELT RD STE 100, LAS VEGAS, NV 89115-1998",36.276596,-115.057656,"https://www.google.com/maps/search/?api=1&query=36.276596,-115.057656",https://www.boxabl.com,https://www.google.com/search?q=BOXABL%2C+INC.+LAS+VEGAS+NV,Las Vegas,,
29,nearest_rooftop_match,CONCRETE MODULAR SYSTEMS INC,"700 BRADY RD, TARPON SPRINGS, FL 34689",28.165886,-82.769706,"https://www.google.com/maps/search/?api=1&query=28.165886,-82.769706",,https://www.google.com/search?q=CONCRETE+MODULAR+SYSTEMS+INC+TARPON+SPRINGS+FL,Pinellas (Pinellas County),,
30,nearest_rooftop_match,LELAND'S CABINS,"109 GILLUM STREET, GRANDVIEW, TX 76050",32.274571,-97.185517,"https://www.google.com/maps/search/?api=1&query=32.274571,-97.185517",,https://www.google.com/search?q=LELAND%27S+CABINS+GRANDVIEW+TX,Statewide TX,,
